id,client_id,car_type,group,clicked,purchased,purchase_amount
0,44,Седан,A,1,0,0
1,47,Внедорожник,A,0,0,0
2,0,Внедорожник,A,0,0,0
3,3,Хэтчбек,A,0,0,0
4,3,Седан,A,0,0,0
5,39,Внедорожник,B,1,1,9615
6,9,Хэтчбек,B,0,0,0
7,19,Хэтчбек,A,1,1,9757
8,21,Седан,A,1,1,8961
9,36,Хэтчбек,A,1,1,8032
10,23,Внедорожник,B,0,0,0
11,6,Хэтчбек,B,1,1,8966
12,24,Хэтчбек,A,1,1,9263
13,24,Хэтчбек,B,1,1,8929
14,12,Седан,A,1,1,9599
15,1,Внедорожник,B,0,0,0
16,38,Хэтчбек,A,1,1,8739
17,39,Седан,A,0,0,0
18,23,Хэтчбек,A,0,0,0
19,46,Внедорожник,B,1,1,8890
20,24,Хэтчбек,B,0,0,0
21,17,Седан,A,0,0,0
22,37,Хэтчбек,B,0,0,0
23,25,Хэтчбек,A,0,0,0
24,13,Хэтчбек,A,0,0,0
25,8,Седан,B,1,1,9013
26,9,Хэтчбек,A,1,0,0
27,20,Хэтчбек,B,1,1,8564
28,16,Седан,B,0,0,0
29,5,Седан,B,0,0,0
30,15,Внедорожник,B,1,0,0
31,47,Седан,B,1,1,9564
32,0,Хэтчбек,A,1,1,8550
33,18,Хэтчбек,A,1,0,0
34,35,Седан,B,1,0,0
35,24,Внедорожник,A,1,0,0
36,49,Седан,A,0,0,0
37,29,Внедорожник,A,1,1,8216
38,19,Седан,B,0,0,0
39,19,Внедорожник,B,0,0,0
40,14,Внедорожник,B,1,1,7957
41,39,Хэтчбек,A,0,0,0
42,32,Внедорожник,B,0,0,0
43,1,Хэтчбек,A,0,0,0
44,9,Седан,B,1,0,0
45,32,Седан,B,1,1,9712
46,31,Седан,A,1,0,0
47,10,Седан,A,0,0,0
48,23,Седан,B,1,0,0
49,35,Хэтчбек,A,1,1,7789
50,11,Седан,A,0,0,0
51,28,Внедорожник,A,1,1,8472
52,34,Хэтчбек,A,0,0,0
53,0,Внедорожник,A,0,0,0
54,0,Хэтчбек,A,1,0,0
55,36,Внедорожник,B,1,1,8580
56,5,Хэтчбек,B,1,1,9424
57,38,Седан,B,1,1,9186
58,40,Хэтчбек,A,0,0,0
59,17,Хэтчбек,A,1,1,9085
60,15,Внедорожник,B,1,1,9050
61,4,Хэтчбек,A,1,1,8574
62,41,Хэтчбек,B,1,0,0
63,42,Седан,B,1,0,0
64,31,Внедорожник,A,1,1,10120
65,1,Хэтчбек,B,1,0,0
66,1,Внедорожник,B,1,0,0
67,39,Хэтчбек,A,1,0,0
68,41,Хэтчбек,B,1,1,8529
69,35,Внедорожник,B,1,1,9292
70,38,Седан,A,1,1,9065
71,11,Хэтчбек,B,1,1,8737
72,46,Хэтчбек,A,0,0,0
73,18,Хэтчбек,A,1,0,0
74,27,Внедорожник,A,0,0,0
75,0,Седан,A,0,0,0
76,14,Хэтчбек,B,0,0,0
77,35,Хэтчбек,A,0,0,0
78,12,Хэтчбек,A,1,1,9249
79,42,Внедорожник,B,1,1,8418
80,20,Внедорожник,B,0,0,0
81,11,Внедорожник,A,0,0,0
82,4,Внедорожник,B,1,1,8240
83,6,Седан,A,1,1,8570
84,4,Внедорожник,B,1,0,0
85,47,Внедорожник,A,0,0,0
86,3,Хэтчбек,A,0,0,0
87,12,Внедорожник,A,0,0,0
88,36,Седан,B,1,1,9726
89,40,Седан,A,0,0,0
90,14,Хэтчбек,B,0,0,0
91,15,Седан,B,0,0,0
92,20,Внедорожник,A,0,0,0
93,35,Внедорожник,B,0,0,0
94,23,Седан,A,0,0,0
95,15,Седан,B,1,0,0
96,13,Внедорожник,B,1,0,0
97,21,Хэтчбек,B,0,0,0
98,48,Внедорожник,B,1,0,0
99,49,Хэтчбек,B,1,0,0
100,5,Хэтчбек,B,1,1,9411
101,41,Седан,A,0,0,0
102,35,Хэтчбек,A,0,0,0
103,0,Внедорожник,A,0,0,0
104,31,Внедорожник,A,1,1,8356
105,5,Седан,B,1,1,9010
106,30,Хэтчбек,B,1,1,9105
107,0,Внедорожник,B,1,1,9139
108,49,Хэтчбек,B,1,1,8881
109,36,Внедорожник,B,0,0,0
110,34,Внедорожник,B,1,1,8441
111,48,Внедорожник,B,1,1,8554
112,29,Внедорожник,A,0,0,0
113,3,Седан,B,1,0,0
114,34,Седан,A,0,0,0
115,42,Хэтчбек,A,1,1,7987
116,13,Хэтчбек,B,1,0,0
117,48,Седан,A,0,0,0
118,39,Внедорожник,A,0,0,0
119,21,Хэтчбек,B,0,0,0
120,9,Хэтчбек,B,0,0,0
121,0,Седан,A,0,0,0
122,10,Хэтчбек,B,1,0,0
123,43,Седан,A,1,0,0
124,23,Внедорожник,A,0,0,0
125,2,Хэтчбек,B,1,1,9201
126,34,Внедорожник,A,1,1,9776
127,35,Внедорожник,B,1,1,9183
128,30,Седан,B,1,0,0
129,3,Внедорожник,B,0,0,0
130,18,Седан,A,0,0,0
131,46,Седан,B,1,1,8757
132,35,Хэтчбек,A,1,1,8369
133,20,Внедорожник,B,1,0,0
134,17,Седан,A,0,0,0
135,27,Хэтчбек,A,1,1,8731
136,14,Седан,B,1,1,9065
137,41,Внедорожник,B,1,1,9360
138,1,Внедорожник,B,1,1,9800
139,36,Хэтчбек,B,1,1,8354
140,10,Хэтчбек,B,0,0,0
141,22,Хэтчбек,B,1,1,9152
142,43,Хэтчбек,B,1,1,8450
143,40,Хэтчбек,B,1,1,9085
144,11,Внедорожник,A,1,1,8850
145,2,Хэтчбек,A,1,0,0
146,16,Хэтчбек,B,0,0,0
147,32,Хэтчбек,A,1,1,8327
148,0,Хэтчбек,A,0,0,0
149,38,Внедорожник,A,0,0,0
150,19,Внедорожник,B,1,0,0
151,46,Седан,A,1,1,9783
152,42,Хэтчбек,B,1,1,8500
153,40,Хэтчбек,B,1,1,9035
154,13,Внедорожник,A,0,0,0
155,30,Внедорожник,B,1,0,0
156,24,Внедорожник,A,0,0,0
157,2,Хэтчбек,A,1,1,8982
158,3,Седан,B,1,1,9254
159,30,Седан,B,1,1,8729
160,34,Внедорожник,A,1,1,8791
161,43,Внедорожник,A,0,0,0
162,13,Внедорожник,A,0,0,0
163,48,Внедорожник,A,0,0,0
164,40,Седан,B,1,1,8766
165,8,Седан,A,1,0,0
166,19,Внедорожник,A,0,0,0
167,31,Седан,B,1,1,8912
168,8,Внедорожник,B,1,1,8573
169,26,Седан,B,0,0,0
170,2,Хэтчбек,A,0,0,0
171,3,Хэтчбек,B,1,0,0
172,44,Седан,B,1,1,9065
173,14,Внедорожник,A,1,1,9498
174,32,Седан,A,1,1,9367
175,4,Внедорожник,B,1,0,0
176,3,Внедорожник,B,1,1,8950
177,45,Внедорожник,A,1,1,8863
178,11,Внедорожник,A,0,0,0
179,22,Седан,A,0,0,0
180,13,Седан,A,0,0,0
181,45,Хэтчбек,A,1,1,10035
182,11,Внедорожник,B,0,0,0
183,16,Хэтчбек,A,1,1,8740
184,24,Седан,B,1,1,9286
185,29,Седан,A,1,0,0
186,21,Внедорожник,B,0,0,0
187,46,Седан,B,1,1,9035
188,25,Внедорожник,A,1,0,0
189,16,Хэтчбек,B,1,0,0
190,19,Внедорожник,A,0,0,0
191,33,Седан,B,1,0,0
192,40,Седан,B,1,1,8252
193,32,Седан,B,0,0,0
194,36,Хэтчбек,B,1,1,9410
195,6,Внедорожник,A,0,0,0
196,21,Хэтчбек,B,0,0,0
197,31,Седан,B,1,1,9435
198,13,Внедорожник,B,1,1,9633
199,7,Хэтчбек,B,1,1,8163
200,24,Внедорожник,A,0,0,0
201,15,Седан,B,0,0,0
202,41,Хэтчбек,B,0,0,0
203,18,Внедорожник,A,1,1,8497
204,40,Внедорожник,B,1,1,8334
205,15,Седан,A,0,0,0
206,11,Седан,A,0,0,0
207,38,Седан,B,1,1,8400
208,47,Хэтчбек,B,1,1,9488
209,29,Хэтчбек,B,0,0,0
210,1,Внедорожник,B,1,1,9424
211,31,Внедорожник,A,1,0,0
212,44,Хэтчбек,B,1,0,0
213,24,Внедорожник,B,1,1,8894
214,24,Хэтчбек,B,1,1,8909
215,3,Внедорожник,B,0,0,0
216,18,Хэтчбек,A,1,1,8954
217,47,Внедорожник,B,0,0,0
218,3,Внедорожник,B,0,0,0
219,42,Хэтчбек,B,0,0,0
220,12,Седан,B,1,1,9074
221,38,Хэтчбек,A,0,0,0
222,35,Хэтчбек,B,0,0,0
223,22,Седан,A,0,0,0
224,5,Внедорожник,A,1,0,0
225,23,Седан,B,1,1,9073
226,43,Седан,A,0,0,0
227,32,Седан,A,0,0,0
228,11,Внедорожник,B,1,0,0
229,40,Хэтчбек,B,1,1,8955
230,20,Седан,A,0,0,0
231,10,Внедорожник,A,1,1,7803
232,43,Внедорожник,B,0,0,0
233,37,Хэтчбек,B,1,1,8882
234,28,Хэтчбек,B,0,0,0
235,47,Седан,A,1,1,8680
236,40,Внедорожник,A,1,0,0
237,2,Хэтчбек,A,0,0,0
238,27,Седан,B,1,1,9502
239,19,Внедорожник,B,1,1,9420
240,25,Внедорожник,B,1,1,9978
241,23,Хэтчбек,A,1,1,7918
242,46,Внедорожник,A,0,0,0
243,20,Внедорожник,B,1,1,9184
244,29,Хэтчбек,A,1,0,0
245,3,Внедорожник,B,1,1,9205
246,35,Внедорожник,B,0,0,0
247,39,Седан,A,0,0,0
248,9,Внедорожник,B,0,0,0
249,9,Хэтчбек,A,1,0,0
250,41,Внедорожник,B,1,0,0
251,23,Хэтчбек,A,1,1,9413
252,3,Хэтчбек,B,1,1,9352
253,46,Внедорожник,A,1,1,9426
254,26,Хэтчбек,A,0,0,0
255,44,Седан,B,1,1,9480
256,3,Хэтчбек,A,1,1,8437
257,31,Седан,A,0,0,0
258,9,Хэтчбек,A,1,1,8961
259,10,Внедорожник,B,1,1,8494
260,27,Хэтчбек,A,0,0,0
261,45,Хэтчбек,B,1,1,8158
262,7,Хэтчбек,B,1,1,8630
263,39,Седан,A,1,1,8956
264,21,Седан,A,1,0,0
265,33,Седан,A,0,0,0
266,44,Седан,A,0,0,0
267,34,Седан,B,1,1,9336
268,34,Внедорожник,A,0,0,0
269,24,Хэтчбек,B,0,0,0
270,33,Хэтчбек,A,0,0,0
271,5,Внедорожник,A,1,1,8689
272,40,Внедорожник,A,0,0,0
273,36,Внедорожник,B,0,0,0
274,0,Внедорожник,A,1,1,8677
275,11,Седан,A,0,0,0
276,34,Хэтчбек,B,0,0,0
277,5,Внедорожник,A,0,0,0
278,16,Внедорожник,B,1,1,9085
279,8,Хэтчбек,B,0,0,0
280,1,Внедорожник,A,0,0,0
281,17,Седан,B,0,0,0
282,48,Седан,B,1,1,9449
283,35,Седан,B,0,0,0
284,27,Внедорожник,B,0,0,0
285,40,Хэтчбек,B,1,1,8717
286,36,Внедорожник,B,0,0,0
287,48,Хэтчбек,A,0,0,0
288,25,Седан,B,0,0,0
289,3,Седан,A,1,1,8989
290,39,Хэтчбек,B,0,0,0
291,35,Внедорожник,A,0,0,0
292,30,Внедорожник,B,0,0,0
293,29,Внедорожник,A,0,0,0
294,49,Седан,A,0,0,0
295,33,Внедорожник,B,1,0,0
296,18,Хэтчбек,B,1,0,0
297,17,Внедорожник,A,1,1,8649
298,29,Внедорожник,A,1,1,9520
299,20,Хэтчбек,B,0,0,0
300,2,Хэтчбек,A,1,1,8678
301,5,Седан,B,1,1,8371
302,37,Седан,B,1,1,8730
303,12,Внедорожник,B,1,1,8861
304,44,Внедорожник,B,1,1,9429
305,2,Седан,A,0,0,0
306,47,Внедорожник,B,1,0,0
307,27,Внедорожник,B,1,1,9068
308,21,Хэтчбек,A,1,1,8899
309,39,Внедорожник,B,0,0,0
310,39,Хэтчбек,A,1,1,9341
311,11,Седан,A,1,0,0
312,22,Внедорожник,A,0,0,0
313,30,Хэтчбек,A,0,0,0
314,17,Хэтчбек,B,1,1,9550
315,6,Хэтчбек,A,0,0,0
316,7,Хэтчбек,B,1,1,9168
317,18,Внедорожник,A,1,0,0
318,28,Седан,B,1,1,8989
319,43,Хэтчбек,A,0,0,0
320,19,Седан,B,1,1,8749
321,49,Хэтчбек,B,1,1,8981
322,41,Хэтчбек,B,1,1,9084
323,29,Хэтчбек,A,1,1,9031
324,46,Седан,B,0,0,0
325,21,Седан,A,1,1,8107
326,9,Седан,B,1,1,9293
327,25,Внедорожник,B,1,1,8671
328,32,Седан,A,0,0,0
329,27,Внедорожник,A,0,0,0
330,9,Внедорожник,B,1,0,0
331,28,Седан,A,1,1,9292
332,43,Хэтчбек,A,0,0,0
333,17,Хэтчбек,B,1,1,8521
334,41,Внедорожник,B,0,0,0
335,0,Хэтчбек,A,1,0,0
336,22,Хэтчбек,B,0,0,0
337,16,Внедорожник,B,0,0,0
338,42,Седан,B,1,1,9715
339,36,Внедорожник,B,0,0,0
340,30,Седан,B,1,0,0
341,24,Седан,A,1,1,8863
342,3,Внедорожник,B,0,0,0
343,8,Хэтчбек,B,1,0,0
344,27,Седан,A,1,1,9372
345,29,Внедорожник,A,1,1,9470
346,46,Внедорожник,A,1,0,0
347,23,Внедорожник,B,1,1,9096
348,32,Седан,A,1,1,8847
349,19,Хэтчбек,A,0,0,0
350,8,Хэтчбек,A,0,0,0
351,7,Внедорожник,B,0,0,0
352,23,Седан,B,1,0,0
353,13,Хэтчбек,B,1,1,8615
354,17,Внедорожник,A,0,0,0
355,0,Хэтчбек,A,1,1,9316
356,11,Хэтчбек,A,1,1,7882
357,28,Седан,B,1,0,0
358,36,Внедорожник,A,1,1,9349
359,25,Хэтчбек,B,1,1,8819
360,32,Хэтчбек,A,1,1,8363
361,42,Седан,B,0,0,0
362,14,Седан,B,1,1,8674
363,22,Хэтчбек,B,1,1,9475
364,28,Седан,B,1,1,9547
365,20,Седан,A,1,1,8569
366,18,Внедорожник,B,1,1,8977
367,4,Внедорожник,A,0,0,0
368,22,Хэтчбек,B,0,0,0
369,35,Хэтчбек,A,1,0,0
370,19,Хэтчбек,B,0,0,0
371,7,Седан,A,1,1,8394
372,8,Внедорожник,A,0,0,0
373,13,Хэтчбек,A,1,0,0
374,5,Внедорожник,B,1,0,0
375,0,Седан,B,0,0,0
376,8,Внедорожник,B,1,1,9900
377,15,Седан,B,1,1,9809
378,15,Хэтчбек,A,1,1,8483
379,11,Седан,B,1,1,9428
380,4,Седан,B,0,0,0
381,39,Седан,B,0,0,0
382,28,Седан,A,0,0,0
383,45,Хэтчбек,B,1,1,8358
384,26,Внедорожник,A,1,0,0
385,10,Хэтчбек,B,1,1,8663
386,46,Хэтчбек,B,1,1,9369
387,49,Седан,B,1,0,0
388,27,Хэтчбек,A,0,0,0
389,35,Седан,B,0,0,0
390,41,Внедорожник,A,0,0,0
391,18,Седан,B,1,1,8302
392,34,Внедорожник,A,0,0,0
393,30,Хэтчбек,B,1,1,9444
394,43,Седан,B,1,1,8096
395,18,Внедорожник,B,1,1,9256
396,45,Хэтчбек,A,0,0,0
397,23,Внедорожник,A,1,1,9502
398,1,Седан,A,1,0,0
399,6,Внедорожник,A,1,1,8932
400,42,Внедорожник,A,1,1,8826
401,48,Внедорожник,A,0,0,0
402,30,Хэтчбек,A,1,0,0
403,16,Внедорожник,B,1,0,0
404,26,Внедорожник,B,0,0,0
405,35,Внедорожник,A,1,0,0
406,49,Внедорожник,A,0,0,0
407,42,Седан,A,1,1,8413
408,9,Седан,A,1,1,9565
409,44,Хэтчбек,A,0,0,0
410,13,Внедорожник,B,0,0,0
411,6,Хэтчбек,A,1,1,8313
412,38,Внедорожник,B,0,0,0
413,39,Седан,A,1,1,9417
414,8,Внедорожник,B,0,0,0
415,13,Хэтчбек,A,1,0,0
416,7,Внедорожник,A,1,1,9613
417,16,Седан,B,1,0,0
418,22,Хэтчбек,A,1,1,8950
419,15,Внедорожник,A,0,0,0
420,25,Седан,B,1,1,9318
421,8,Внедорожник,A,0,0,0
422,35,Седан,B,0,0,0
423,6,Хэтчбек,A,0,0,0
424,17,Хэтчбек,B,1,1,9089
425,7,Внедорожник,B,1,0,0
426,20,Седан,B,0,0,0
427,25,Хэтчбек,B,1,1,7820
428,2,Внедорожник,B,0,0,0
429,16,Внедорожник,A,0,0,0
430,45,Внедорожник,A,0,0,0
431,23,Седан,A,0,0,0
432,24,Внедорожник,B,1,0,0
433,4,Седан,A,1,1,7751
434,36,Внедорожник,A,1,1,8894
435,44,Седан,B,1,1,8956
436,49,Внедорожник,A,0,0,0
437,23,Внедорожник,B,0,0,0
438,30,Седан,A,1,1,9400
439,25,Хэтчбек,B,0,0,0
440,20,Хэтчбек,B,0,0,0
441,33,Хэтчбек,B,0,0,0
442,37,Седан,B,1,1,8837
443,23,Хэтчбек,B,1,0,0
444,27,Внедорожник,B,1,1,9115
445,29,Седан,B,1,0,0
446,33,Хэтчбек,B,0,0,0
447,22,Внедорожник,A,0,0,0
448,7,Внедорожник,A,1,1,8326
449,41,Седан,B,1,0,0
450,49,Хэтчбек,B,1,1,8454
451,9,Внедорожник,B,0,0,0
452,0,Хэтчбек,A,0,0,0
453,19,Внедорожник,A,0,0,0
454,36,Внедорожник,A,1,0,0
455,17,Седан,A,1,1,9697
456,20,Хэтчбек,A,1,1,8778
457,48,Внедорожник,A,1,0,0
458,3,Хэтчбек,B,1,1,8813
459,42,Хэтчбек,A,1,1,9460
460,1,Хэтчбек,A,1,1,8972
461,20,Седан,A,0,0,0
462,36,Внедорожник,B,1,0,0
463,4,Хэтчбек,B,1,1,8350
464,16,Седан,B,1,1,9679
465,48,Хэтчбек,B,1,1,8630
466,47,Седан,B,0,0,0
467,10,Хэтчбек,B,1,0,0
468,45,Хэтчбек,B,0,0,0
469,40,Хэтчбек,A,1,1,9544
470,30,Седан,B,1,1,9577
471,27,Седан,A,0,0,0
472,43,Внедорожник,A,1,1,8745
473,31,Внедорожник,A,1,1,9127
474,20,Седан,A,0,0,0
475,6,Внедорожник,B,0,0,0
476,9,Седан,B,1,0,0
477,27,Седан,B,1,1,8144
478,47,Седан,A,1,0,0
479,35,Внедорожник,A,1,1,9794
480,19,Хэтчбек,A,0,0,0
481,12,Внедорожник,A,1,1,8852
482,18,Хэтчбек,B,1,1,9162
483,49,Внедорожник,A,1,1,9204
484,10,Хэтчбек,A,1,1,9741
485,34,Хэтчбек,A,1,1,9085
486,33,Седан,A,0,0,0
487,43,Внедорожник,B,1,1,9183
488,3,Хэтчбек,B,0,0,0
489,12,Внедорожник,A,0,0,0
490,36,Седан,A,0,0,0
491,1,Седан,B,0,0,0
492,49,Хэтчбек,A,0,0,0
493,0,Седан,A,1,1,8772
494,39,Внедорожник,A,1,1,8859
495,24,Седан,B,1,0,0
496,36,Седан,A,0,0,0
497,35,Седан,A,1,1,9515
498,5,Седан,B,1,1,9076
499,6,Внедорожник,B,0,0,0
500,3,Внедорожник,A,0,0,0
501,34,Хэтчбек,B,1,0,0
502,40,Седан,B,1,1,9250
503,33,Хэтчбек,B,1,1,9388
504,28,Хэтчбек,A,1,1,8571
505,4,Внедорожник,A,0,0,0
506,26,Седан,A,0,0,0
507,32,Седан,A,0,0,0
508,45,Внедорожник,A,0,0,0
509,9,Внедорожник,A,1,1,9259
510,5,Внедорожник,A,0,0,0
511,33,Седан,A,0,0,0
512,7,Хэтчбек,B,1,1,9216
513,30,Хэтчбек,B,1,0,0
514,8,Седан,B,1,1,8448
515,20,Хэтчбек,A,1,0,0
516,7,Седан,B,1,1,8248
517,3,Седан,B,1,1,8811
518,21,Внедорожник,A,1,1,9829
519,27,Седан,A,1,1,8407
520,44,Внедорожник,A,1,1,9473
521,3,Внедорожник,A,1,1,8571
522,38,Хэтчбек,A,0,0,0
523,20,Внедорожник,B,0,0,0
524,7,Хэтчбек,B,1,1,8549
525,19,Седан,B,1,0,0
526,31,Хэтчбек,A,0,0,0
527,0,Хэтчбек,A,1,1,9059
528,5,Хэтчбек,A,1,0,0
529,27,Седан,A,0,0,0
530,43,Седан,B,1,0,0
531,30,Внедорожник,A,1,1,8695
532,9,Седан,B,1,1,8165
533,19,Внедорожник,B,1,1,8950
534,7,Седан,A,0,0,0
535,21,Хэтчбек,B,0,0,0
536,37,Внедорожник,A,1,0,0
537,28,Седан,A,1,1,9209
538,8,Седан,B,0,0,0
539,43,Седан,A,0,0,0
540,46,Хэтчбек,B,1,1,10711
541,0,Внедорожник,A,1,1,8419
542,40,Внедорожник,B,1,1,9507
543,38,Внедорожник,B,1,0,0
544,25,Седан,A,1,0,0
545,10,Внедорожник,B,1,1,8802
546,34,Внедорожник,B,1,1,9322
547,23,Седан,A,1,1,8517
548,32,Седан,A,1,0,0
549,19,Седан,B,1,1,9897
550,26,Седан,B,0,0,0
551,14,Хэтчбек,A,0,0,0
552,32,Хэтчбек,A,0,0,0
553,6,Внедорожник,A,0,0,0
554,33,Хэтчбек,A,0,0,0
555,44,Седан,A,0,0,0
556,45,Хэтчбек,A,1,0,0
557,41,Седан,B,0,0,0
558,4,Хэтчбек,B,1,1,8970
559,29,Седан,B,1,1,8893
560,27,Внедорожник,A,1,1,8610
561,17,Внедорожник,A,1,1,9345
562,35,Хэтчбек,A,1,1,8503
563,2,Седан,B,0,0,0
564,20,Внедорожник,B,1,1,9102
565,45,Седан,A,1,0,0
566,15,Хэтчбек,A,0,0,0
567,36,Седан,A,1,1,9131
568,41,Седан,A,0,0,0
569,4,Хэтчбек,A,1,0,0
570,49,Внедорожник,A,1,0,0
571,13,Хэтчбек,B,1,1,8653
572,30,Седан,B,0,0,0
573,45,Хэтчбек,A,1,0,0
574,23,Хэтчбек,A,1,1,9139
575,34,Седан,B,1,1,8573
576,35,Хэтчбек,B,1,1,8031
577,9,Внедорожник,B,0,0,0
578,26,Внедорожник,A,1,1,9416
579,26,Хэтчбек,A,0,0,0
580,22,Седан,B,0,0,0
581,12,Хэтчбек,B,1,1,9661
582,15,Хэтчбек,B,0,0,0
583,34,Внедорожник,B,1,0,0
584,26,Внедорожник,A,1,0,0
585,38,Седан,B,1,1,8276
586,46,Седан,A,1,1,9835
587,16,Седан,A,1,1,8553
588,47,Хэтчбек,A,1,1,8653
589,40,Хэтчбек,A,1,0,0
590,0,Хэтчбек,B,1,1,9285
591,10,Хэтчбек,A,1,1,9338
592,11,Седан,B,1,0,0
593,13,Седан,B,0,0,0
594,7,Седан,A,0,0,0
595,30,Хэтчбек,A,1,1,8769
596,6,Хэтчбек,B,1,0,0
597,45,Седан,A,0,0,0
598,30,Внедорожник,B,1,1,9731
599,15,Седан,B,1,1,8473
600,41,Хэтчбек,A,0,0,0
601,38,Хэтчбек,A,0,0,0
602,43,Седан,A,1,0,0
603,18,Внедорожник,B,1,0,0
604,7,Внедорожник,A,1,1,9049
605,28,Хэтчбек,A,1,1,8939
606,1,Хэтчбек,A,1,1,9475
607,41,Хэтчбек,B,1,1,9126
608,2,Седан,A,1,0,0
609,28,Хэтчбек,A,0,0,0
610,14,Хэтчбек,B,1,0,0
611,37,Хэтчбек,B,1,1,9007
612,27,Внедорожник,B,1,0,0
613,36,Внедорожник,A,1,1,9237
614,31,Хэтчбек,B,1,0,0
615,29,Внедорожник,A,1,0,0
616,46,Внедорожник,A,0,0,0
617,29,Внедорожник,A,0,0,0
618,33,Внедорожник,B,0,0,0
619,12,Седан,A,1,1,9403
620,32,Внедорожник,B,1,1,9726
621,41,Внедорожник,B,1,1,8779
622,16,Внедорожник,B,0,0,0
623,2,Внедорожник,B,0,0,0
624,8,Седан,B,0,0,0
625,10,Седан,A,0,0,0
626,48,Хэтчбек,A,1,1,9222
627,26,Внедорожник,B,0,0,0
628,27,Внедорожник,A,0,0,0
629,1,Хэтчбек,B,1,0,0
630,0,Седан,A,0,0,0
631,5,Хэтчбек,A,0,0,0
632,24,Седан,B,0,0,0
633,34,Хэтчбек,B,1,1,8101
634,15,Хэтчбек,B,1,0,0
635,3,Внедорожник,B,1,0,0
636,46,Хэтчбек,A,0,0,0
637,37,Седан,B,1,0,0
638,43,Седан,B,0,0,0
639,19,Хэтчбек,A,1,1,8981
640,24,Седан,B,1,1,9733
641,6,Хэтчбек,B,0,0,0
642,20,Внедорожник,B,1,1,9377
643,6,Внедорожник,B,1,1,9806
644,28,Внедорожник,A,1,1,8673
645,6,Внедорожник,A,0,0,0
646,2,Хэтчбек,B,1,0,0
647,28,Седан,A,1,1,9240
648,28,Хэтчбек,A,0,0,0
649,38,Седан,A,0,0,0
650,37,Хэтчбек,A,1,1,9293
651,5,Седан,A,0,0,0
652,45,Седан,A,0,0,0
653,9,Хэтчбек,A,1,1,8951
654,36,Внедорожник,B,1,1,8908
655,13,Хэтчбек,B,1,1,8359
656,21,Внедорожник,B,0,0,0
657,31,Хэтчбек,A,1,1,9375
658,17,Седан,B,0,0,0
659,35,Внедорожник,A,0,0,0
660,45,Седан,B,1,0,0
661,8,Седан,B,1,1,9113
662,25,Седан,A,1,1,9940
663,21,Хэтчбек,B,1,0,0
664,45,Седан,B,1,1,9935
665,37,Хэтчбек,A,1,1,8484
666,22,Внедорожник,B,0,0,0
667,16,Седан,A,0,0,0
668,25,Внедорожник,A,1,1,9155
669,46,Внедорожник,A,0,0,0
670,37,Хэтчбек,B,1,1,9485
671,1,Внедорожник,A,0,0,0
672,5,Хэтчбек,A,0,0,0
673,6,Хэтчбек,B,1,0,0
674,12,Внедорожник,A,0,0,0
675,26,Внедорожник,B,1,1,8963
676,10,Внедорожник,B,1,1,9248
677,14,Хэтчбек,A,1,0,0
678,8,Хэтчбек,A,1,1,9514
679,7,Внедорожник,B,0,0,0
680,45,Хэтчбек,B,1,1,8965
681,5,Внедорожник,B,0,0,0
682,47,Хэтчбек,B,1,1,8688
683,42,Хэтчбек,B,1,0,0
684,3,Седан,A,0,0,0
685,10,Седан,A,1,1,9400
686,27,Внедорожник,B,1,1,8815
687,25,Седан,A,0,0,0
688,3,Хэтчбек,A,0,0,0
689,14,Внедорожник,B,1,0,0
690,18,Седан,B,1,1,9273
691,5,Внедорожник,B,1,1,8831
692,4,Внедорожник,B,1,1,8709
693,17,Хэтчбек,A,0,0,0
694,5,Седан,A,0,0,0
695,30,Хэтчбек,B,0,0,0
696,24,Внедорожник,A,0,0,0
697,3,Внедорожник,B,0,0,0
698,5,Внедорожник,A,1,1,9636
699,40,Седан,B,1,1,9488
700,36,Хэтчбек,B,1,1,8666
701,49,Хэтчбек,B,0,0,0
702,24,Седан,A,0,0,0
703,33,Хэтчбек,B,1,0,0
704,18,Хэтчбек,B,1,1,9357
705,33,Внедорожник,A,1,0,0
706,14,Внедорожник,B,0,0,0
707,49,Внедорожник,B,0,0,0
708,7,Седан,A,1,1,10347
709,43,Внедорожник,A,0,0,0
710,46,Хэтчбек,A,1,1,8720
711,48,Седан,B,1,1,8815
712,33,Хэтчбек,A,0,0,0
713,17,Седан,B,0,0,0
714,29,Хэтчбек,B,1,1,9208
715,12,Седан,A,1,0,0
716,46,Хэтчбек,A,1,1,9788
717,32,Внедорожник,B,1,0,0
718,34,Седан,A,1,0,0
719,23,Хэтчбек,B,0,0,0
720,25,Хэтчбек,B,1,0,0
721,46,Хэтчбек,A,1,1,8414
722,43,Хэтчбек,B,1,1,9393
723,41,Внедорожник,B,1,1,8570
724,46,Внедорожник,A,1,1,9246
725,0,Седан,B,1,0,0
726,12,Седан,A,1,0,0
727,9,Хэтчбек,A,0,0,0
728,18,Седан,A,1,1,8705
729,4,Хэтчбек,A,0,0,0
730,7,Седан,B,1,1,8740
731,3,Седан,B,0,0,0
732,48,Хэтчбек,B,1,1,8505
733,12,Внедорожник,A,0,0,0
734,37,Хэтчбек,A,0,0,0
735,45,Внедорожник,A,1,1,9327
736,48,Седан,B,1,0,0
737,45,Внедорожник,A,0,0,0
738,18,Хэтчбек,B,0,0,0
739,49,Седан,A,0,0,0
740,7,Внедорожник,A,1,1,8563
741,26,Внедорожник,A,1,1,9476
742,49,Хэтчбек,B,1,1,8834
743,46,Седан,B,1,1,8907
744,29,Седан,B,0,0,0
745,3,Внедорожник,B,1,1,9547
746,10,Внедорожник,A,0,0,0
747,20,Внедорожник,A,1,1,8471
748,42,Седан,A,1,1,9095
749,1,Внедорожник,A,0,0,0
750,20,Внедорожник,A,1,0,0
751,16,Седан,A,0,0,0
752,42,Седан,B,1,1,8842
753,28,Хэтчбек,B,0,0,0
754,26,Седан,B,1,1,9562
755,23,Седан,B,1,1,8494
756,48,Хэтчбек,B,1,1,9012
757,2,Седан,B,1,1,8920
758,38,Хэтчбек,A,1,1,9191
759,9,Седан,B,1,1,8819
760,2,Хэтчбек,A,1,1,9722
761,44,Внедорожник,B,1,1,9680
762,41,Внедорожник,A,1,0,0
763,25,Внедорожник,B,1,0,0
764,36,Хэтчбек,A,0,0,0
765,26,Внедорожник,B,1,1,9201
766,4,Седан,A,1,1,8719
767,41,Хэтчбек,B,1,1,9167
768,10,Седан,B,1,1,9277
769,12,Седан,B,0,0,0
770,40,Седан,A,0,0,0
771,33,Хэтчбек,B,1,1,9013
772,37,Седан,B,1,0,0
773,39,Внедорожник,B,1,1,9331
774,32,Хэтчбек,A,1,0,0
775,33,Внедорожник,A,0,0,0
776,26,Хэтчбек,B,1,1,9305
777,35,Седан,A,1,1,9401
778,25,Внедорожник,A,0,0,0
779,24,Хэтчбек,B,1,1,9110
780,18,Седан,A,0,0,0
781,20,Седан,A,1,1,9478
782,30,Хэтчбек,B,0,0,0
783,28,Хэтчбек,B,0,0,0
784,8,Хэтчбек,A,0,0,0
785,18,Хэтчбек,B,1,1,8622
786,25,Внедорожник,A,0,0,0
787,24,Хэтчбек,B,1,1,8958
788,39,Седан,B,1,1,9286
789,42,Внедорожник,A,1,1,9175
790,28,Седан,A,0,0,0
791,24,Седан,B,1,1,9181
792,18,Хэтчбек,B,1,0,0
793,3,Внедорожник,B,0,0,0
794,44,Хэтчбек,B,0,0,0
795,19,Седан,B,0,0,0
796,45,Хэтчбек,B,1,0,0
797,0,Хэтчбек,A,1,1,9617
798,10,Хэтчбек,A,1,1,8577
799,3,Хэтчбек,A,0,0,0
800,6,Хэтчбек,A,0,0,0
801,27,Хэтчбек,B,0,0,0
802,35,Внедорожник,B,1,0,0
803,6,Хэтчбек,B,1,1,9263
804,19,Внедорожник,A,1,0,0
805,34,Хэтчбек,A,0,0,0
806,38,Внедорожник,A,0,0,0
807,20,Седан,A,0,0,0
808,43,Внедорожник,A,0,0,0
809,0,Внедорожник,B,1,0,0
810,36,Седан,B,0,0,0
811,45,Хэтчбек,B,0,0,0
812,41,Хэтчбек,A,1,1,8743
813,2,Внедорожник,B,1,1,8660
814,33,Хэтчбек,A,1,0,0
815,12,Хэтчбек,A,1,1,7705
816,15,Седан,B,0,0,0
817,33,Хэтчбек,A,1,1,8793
818,23,Хэтчбек,A,1,0,0
819,12,Внедорожник,A,0,0,0
820,5,Хэтчбек,B,0,0,0
821,38,Хэтчбек,B,1,1,9054
822,1,Внедорожник,A,1,1,9393
823,10,Внедорожник,B,0,0,0
824,6,Внедорожник,B,0,0,0
825,6,Хэтчбек,A,1,1,9293
826,38,Хэтчбек,A,1,1,8799
827,38,Хэтчбек,A,1,1,9965
828,11,Хэтчбек,A,1,0,0
829,21,Хэтчбек,A,1,0,0
830,2,Хэтчбек,B,1,1,8249
831,12,Внедорожник,A,1,0,0
832,29,Внедорожник,B,0,0,0
833,9,Хэтчбек,A,0,0,0
834,8,Седан,A,0,0,0
835,5,Внедорожник,A,0,0,0
836,43,Хэтчбек,B,1,1,9246
837,1,Внедорожник,A,0,0,0
838,43,Седан,B,1,1,9035
839,15,Внедорожник,A,0,0,0
840,12,Внедорожник,B,1,1,8814
841,47,Внедорожник,B,1,1,9605
842,12,Внедорожник,A,1,0,0
843,21,Хэтчбек,B,1,0,0
844,18,Седан,B,1,1,8688
845,25,Хэтчбек,B,1,0,0
846,13,Внедорожник,A,1,0,0
847,30,Внедорожник,B,1,1,9063
848,28,Внедорожник,B,1,0,0
849,44,Седан,B,1,0,0
850,41,Седан,A,0,0,0
851,21,Хэтчбек,B,1,0,0
852,6,Внедорожник,A,1,0,0
853,36,Седан,B,1,0,0
854,48,Внедорожник,A,0,0,0
855,40,Хэтчбек,B,1,1,9012
856,26,Хэтчбек,B,1,0,0
857,30,Седан,B,0,0,0
858,5,Хэтчбек,B,0,0,0
859,15,Седан,B,1,0,0
860,37,Внедорожник,A,1,1,9215
861,37,Седан,A,0,0,0
862,49,Хэтчбек,B,1,1,9348
863,31,Внедорожник,B,0,0,0
864,32,Хэтчбек,B,1,1,9276
865,48,Внедорожник,A,1,1,8433
866,16,Внедорожник,A,1,1,8844
867,32,Внедорожник,A,0,0,0
868,10,Внедорожник,B,1,0,0
869,12,Хэтчбек,A,0,0,0
870,29,Седан,B,0,0,0
871,0,Внедорожник,A,0,0,0
872,29,Хэтчбек,B,1,0,0
873,26,Хэтчбек,A,1,1,9556
874,39,Хэтчбек,B,0,0,0
875,22,Седан,A,0,0,0
876,19,Хэтчбек,B,1,1,8903
877,5,Хэтчбек,B,1,1,8243
878,36,Седан,B,0,0,0
879,19,Хэтчбек,B,0,0,0
880,36,Хэтчбек,A,0,0,0
881,5,Седан,A,1,1,8531
882,28,Седан,B,1,1,9328
883,12,Седан,B,1,1,9392
884,26,Внедорожник,A,1,0,0
885,49,Седан,B,0,0,0
886,19,Внедорожник,B,1,1,8776
887,12,Внедорожник,A,1,1,9220
888,38,Седан,B,0,0,0
889,7,Внедорожник,B,1,1,9217
890,16,Хэтчбек,B,0,0,0
891,29,Хэтчбек,B,0,0,0
892,0,Седан,A,0,0,0
893,23,Внедорожник,B,1,1,9120
894,15,Хэтчбек,A,1,1,9064
895,10,Внедорожник,B,1,1,9454
896,3,Внедорожник,A,1,1,8878
897,3,Хэтчбек,B,1,0,0
898,16,Седан,B,0,0,0
899,48,Внедорожник,B,1,1,9480
900,9,Хэтчбек,B,1,1,9290
901,20,Седан,A,0,0,0
902,37,Внедорожник,A,1,1,8635
903,48,Внедорожник,B,0,0,0
904,17,Внедорожник,A,1,0,0
905,9,Внедорожник,B,1,1,8565
906,44,Седан,A,0,0,0
907,15,Внедорожник,B,1,1,8730
908,38,Хэтчбек,B,1,1,9956
909,14,Хэтчбек,A,1,0,0
910,33,Хэтчбек,A,0,0,0
911,4,Седан,B,1,1,9192
912,16,Хэтчбек,A,1,0,0
913,36,Внедорожник,A,1,1,7390
914,7,Внедорожник,A,0,0,0
915,23,Хэтчбек,B,0,0,0
916,27,Седан,A,0,0,0
917,46,Седан,A,1,0,0
918,7,Внедорожник,A,1,1,9093
919,22,Внедорожник,A,0,0,0
920,34,Хэтчбек,A,0,0,0
921,30,Седан,B,1,1,9337
922,16,Хэтчбек,B,1,1,8842
923,27,Внедорожник,A,0,0,0
924,47,Внедорожник,B,1,1,9803
925,47,Хэтчбек,A,0,0,0
926,11,Седан,A,1,0,0
927,23,Внедорожник,B,1,0,0
928,14,Внедорожник,B,0,0,0
929,39,Седан,A,1,0,0
930,30,Внедорожник,A,1,1,8512
931,26,Седан,A,0,0,0
932,34,Седан,A,0,0,0
933,17,Внедорожник,B,0,0,0
934,35,Хэтчбек,A,0,0,0
935,7,Внедорожник,A,1,1,9296
936,45,Внедорожник,A,0,0,0
937,48,Внедорожник,A,0,0,0
938,37,Внедорожник,B,1,1,9325
939,4,Хэтчбек,B,1,1,8702
940,13,Хэтчбек,B,1,1,9038
941,37,Хэтчбек,B,1,0,0
942,19,Седан,B,0,0,0
943,43,Хэтчбек,A,1,1,9345
944,8,Седан,A,1,0,0
945,32,Внедорожник,A,0,0,0
946,17,Хэтчбек,B,1,1,7725
947,5,Хэтчбек,B,1,0,0
948,36,Хэтчбек,B,1,1,8420
949,1,Хэтчбек,A,0,0,0
950,29,Хэтчбек,A,0,0,0
951,5,Внедорожник,B,0,0,0
952,16,Хэтчбек,A,1,1,9202
953,38,Седан,A,1,1,9661
954,40,Седан,B,1,1,9306
955,22,Хэтчбек,B,1,1,8592
956,30,Седан,A,1,0,0
957,19,Хэтчбек,B,1,1,8334
958,4,Внедорожник,B,0,0,0
959,20,Седан,A,0,0,0
960,42,Хэтчбек,A,0,0,0
961,10,Седан,B,1,1,9197
962,3,Хэтчбек,A,0,0,0
963,22,Седан,A,1,1,8933
964,37,Внедорожник,B,1,0,0
965,29,Седан,A,1,1,8704
966,41,Седан,A,1,0,0
967,40,Седан,A,0,0,0
968,17,Седан,B,0,0,0
969,40,Хэтчбек,B,1,1,8838
970,42,Внедорожник,B,1,1,8609
971,30,Внедорожник,B,0,0,0
972,29,Седан,B,0,0,0
973,33,Седан,A,0,0,0
974,30,Внедорожник,A,0,0,0
975,46,Внедорожник,B,0,0,0
976,37,Внедорожник,A,1,0,0
977,24,Внедорожник,B,0,0,0
978,16,Седан,B,1,0,0
979,35,Внедорожник,B,0,0,0
980,39,Седан,B,1,1,9096
981,29,Седан,A,0,0,0
982,1,Внедорожник,A,1,1,8408
983,23,Хэтчбек,B,0,0,0
984,8,Седан,B,0,0,0
985,0,Внедорожник,B,0,0,0
986,23,Седан,B,0,0,0
987,37,Хэтчбек,B,0,0,0
988,47,Внедорожник,B,0,0,0
989,26,Седан,B,0,0,0
990,25,Хэтчбек,B,0,0,0
991,25,Хэтчбек,A,1,1,9445
992,6,Седан,B,1,1,10174
993,24,Внедорожник,B,1,0,0
994,15,Внедорожник,A,0,0,0
995,37,Седан,B,1,1,9324
996,41,Хэтчбек,A,1,0,0
997,17,Хэтчбек,B,0,0,0
998,16,Хэтчбек,B,0,0,0
999,48,Хэтчбек,A,0,0,0
1000,43,Седан,B,0,0,0
1001,46,Хэтчбек,A,0,0,0
1002,5,Седан,A,0,0,0
1003,19,Внедорожник,A,0,0,0
1004,47,Внедорожник,A,0,0,0
1005,22,Хэтчбек,A,1,1,8917
1006,45,Хэтчбек,B,0,0,0
1007,11,Хэтчбек,A,1,1,9312
1008,11,Внедорожник,B,1,1,9682
1009,33,Седан,A,1,1,9153
1010,7,Седан,B,0,0,0
1011,26,Седан,A,0,0,0
1012,48,Хэтчбек,B,0,0,0
1013,7,Седан,A,1,1,8516
1014,47,Хэтчбек,B,1,1,9328
1015,32,Внедорожник,B,1,1,8635
1016,36,Седан,B,1,1,9560
1017,18,Хэтчбек,A,0,0,0
1018,23,Седан,A,1,1,8838
1019,21,Внедорожник,A,0,0,0
1020,2,Седан,B,1,1,9390
1021,8,Седан,A,0,0,0
1022,10,Внедорожник,B,1,0,0
1023,5,Хэтчбек,B,1,0,0
1024,38,Хэтчбек,B,1,1,8975
1025,38,Хэтчбек,A,0,0,0
1026,36,Седан,B,1,1,8739
1027,1,Седан,B,0,0,0
1028,36,Хэтчбек,B,1,0,0
1029,5,Хэтчбек,A,1,1,9152
1030,5,Седан,B,0,0,0
1031,38,Хэтчбек,A,0,0,0
1032,35,Хэтчбек,A,1,0,0
1033,24,Седан,B,1,1,8695
1034,49,Внедорожник,B,1,1,9206
1035,15,Седан,A,0,0,0
1036,20,Хэтчбек,A,0,0,0
1037,9,Хэтчбек,A,0,0,0
1038,4,Внедорожник,B,1,0,0
1039,49,Внедорожник,A,1,1,9106
1040,24,Седан,B,0,0,0
1041,30,Внедорожник,B,1,1,8839
1042,2,Хэтчбек,A,1,1,8436
1043,19,Хэтчбек,A,1,1,8472
1044,3,Хэтчбек,B,1,1,8327
1045,13,Хэтчбек,B,1,1,8914
1046,11,Внедорожник,B,1,1,9150
1047,13,Хэтчбек,A,1,1,9198
1048,36,Хэтчбек,B,0,0,0
1049,17,Хэтчбек,B,1,1,8600
1050,26,Седан,A,0,0,0
1051,6,Седан,A,0,0,0
1052,47,Хэтчбек,B,1,1,8367
1053,34,Внедорожник,B,1,1,9405
1054,21,Внедорожник,B,1,0,0
1055,20,Седан,B,0,0,0
1056,42,Седан,B,0,0,0
1057,17,Внедорожник,A,1,0,0
1058,37,Седан,A,1,0,0
1059,25,Седан,A,1,1,9219
1060,21,Хэтчбек,B,1,1,9798
1061,36,Внедорожник,A,1,0,0
1062,4,Хэтчбек,B,0,0,0
1063,47,Седан,A,1,0,0
1064,34,Седан,A,0,0,0
1065,11,Седан,B,1,1,8638
1066,34,Седан,B,1,1,9423
1067,33,Внедорожник,B,1,1,9114
1068,46,Внедорожник,A,0,0,0
1069,19,Внедорожник,B,1,1,8615
1070,48,Внедорожник,A,1,1,9473
1071,11,Хэтчбек,A,0,0,0
1072,33,Хэтчбек,B,1,1,9240
1073,25,Хэтчбек,B,0,0,0
1074,33,Седан,A,1,1,9673
1075,31,Внедорожник,A,1,1,8196
1076,45,Внедорожник,A,0,0,0
1077,6,Внедорожник,B,0,0,0
1078,25,Хэтчбек,A,0,0,0
1079,24,Седан,A,1,1,8814
1080,45,Седан,A,1,1,9689
1081,38,Седан,A,0,0,0
1082,16,Хэтчбек,A,1,1,9273
1083,23,Внедорожник,B,1,1,8472
1084,26,Хэтчбек,A,0,0,0
1085,3,Внедорожник,B,1,1,8897
1086,26,Седан,A,1,1,9118
1087,46,Внедорожник,A,0,0,0
1088,29,Седан,A,0,0,0
1089,2,Седан,B,1,0,0
1090,5,Седан,B,0,0,0
1091,7,Внедорожник,A,0,0,0
1092,15,Хэтчбек,B,1,1,9237
1093,14,Седан,B,0,0,0
1094,35,Внедорожник,B,1,0,0
1095,39,Седан,A,1,1,9264
1096,7,Внедорожник,B,0,0,0
1097,38,Хэтчбек,A,1,1,8842
1098,29,Седан,A,1,1,8556
1099,49,Седан,A,0,0,0
1100,11,Седан,B,1,1,8598
1101,3,Хэтчбек,A,0,0,0
1102,13,Внедорожник,A,0,0,0
1103,24,Седан,A,1,0,0
1104,4,Седан,B,1,1,9187
1105,22,Хэтчбек,A,1,1,9148
1106,29,Внедорожник,B,1,0,0
1107,38,Хэтчбек,A,1,1,7847
1108,11,Хэтчбек,A,1,0,0
1109,14,Седан,A,0,0,0
1110,18,Внедорожник,B,1,0,0
1111,25,Седан,A,0,0,0
1112,44,Седан,B,0,0,0
1113,3,Хэтчбек,A,0,0,0
1114,37,Хэтчбек,B,1,1,9553
1115,7,Седан,A,1,1,8339
1116,29,Хэтчбек,A,1,0,0
1117,14,Хэтчбек,B,1,0,0
1118,11,Внедорожник,B,1,1,9358
1119,9,Седан,B,1,1,8577
1120,11,Седан,A,0,0,0
1121,16,Внедорожник,A,1,0,0
1122,39,Хэтчбек,A,0,0,0
1123,1,Внедорожник,B,1,1,9334
1124,18,Внедорожник,A,1,1,9291
1125,28,Внедорожник,B,0,0,0
1126,0,Хэтчбек,A,0,0,0
1127,21,Внедорожник,B,1,1,9116
1128,24,Седан,B,1,0,0
1129,9,Хэтчбек,B,1,1,8521
1130,8,Внедорожник,A,0,0,0
1131,18,Внедорожник,B,0,0,0
1132,11,Внедорожник,B,1,0,0
1133,28,Внедорожник,A,0,0,0
1134,17,Внедорожник,B,1,0,0
1135,15,Внедорожник,B,1,1,8821
1136,3,Седан,A,1,1,9498
1137,42,Хэтчбек,B,0,0,0
1138,24,Седан,A,1,1,8558
1139,21,Внедорожник,B,1,0,0
1140,28,Внедорожник,A,0,0,0
1141,21,Внедорожник,A,0,0,0
1142,14,Седан,A,0,0,0
1143,47,Внедорожник,A,0,0,0
1144,1,Седан,B,0,0,0
1145,12,Хэтчбек,A,1,1,8939
1146,11,Седан,A,0,0,0
1147,25,Седан,B,1,1,8595
1148,39,Хэтчбек,A,1,1,9010
1149,11,Внедорожник,B,0,0,0
1150,26,Седан,B,0,0,0
1151,45,Хэтчбек,A,0,0,0
1152,34,Седан,B,1,1,8818
1153,1,Седан,A,1,0,0
1154,16,Хэтчбек,B,0,0,0
1155,1,Седан,A,1,1,9119
1156,16,Хэтчбек,A,0,0,0
1157,33,Седан,B,1,1,8819
1158,33,Внедорожник,B,0,0,0
1159,44,Хэтчбек,B,1,1,8944
1160,38,Внедорожник,A,0,0,0
1161,40,Седан,B,1,0,0
1162,8,Внедорожник,B,1,1,8670
1163,13,Хэтчбек,A,0,0,0
1164,42,Седан,B,1,0,0
1165,19,Хэтчбек,B,1,0,0
1166,32,Седан,B,0,0,0
1167,23,Внедорожник,A,1,1,8242
1168,4,Внедорожник,B,0,0,0
1169,31,Хэтчбек,B,1,1,9330
1170,22,Хэтчбек,B,1,1,8817
1171,0,Седан,B,1,1,7911
1172,37,Хэтчбек,B,1,0,0
1173,31,Хэтчбек,A,0,0,0
1174,15,Внедорожник,A,1,1,8648
1175,19,Хэтчбек,B,1,0,0
1176,15,Хэтчбек,A,1,0,0
1177,12,Седан,A,0,0,0
1178,45,Внедорожник,B,1,1,8324
1179,10,Внедорожник,B,0,0,0
1180,41,Седан,B,0,0,0
1181,16,Внедорожник,B,1,1,8189
1182,6,Седан,B,1,0,0
1183,21,Седан,B,1,1,8393
1184,30,Хэтчбек,A,1,1,8955
1185,3,Хэтчбек,A,0,0,0
1186,16,Седан,B,1,1,8919
1187,0,Хэтчбек,B,0,0,0
1188,1,Хэтчбек,B,1,1,9439
1189,32,Внедорожник,B,1,1,9578
1190,43,Внедорожник,A,0,0,0
1191,18,Хэтчбек,B,0,0,0
1192,18,Седан,A,1,1,9196
1193,22,Седан,B,1,1,8442
1194,15,Хэтчбек,B,1,0,0
1195,15,Хэтчбек,B,1,1,9926
1196,28,Седан,B,1,0,0
1197,7,Внедорожник,A,1,1,9190
1198,27,Внедорожник,A,1,1,9269
1199,24,Седан,B,1,1,8632
1200,24,Хэтчбек,B,1,1,8529
1201,12,Внедорожник,B,0,0,0
1202,13,Седан,A,0,0,0
1203,18,Хэтчбек,A,1,0,0
1204,14,Хэтчбек,B,1,1,8471
1205,14,Внедорожник,B,1,0,0
1206,20,Хэтчбек,B,1,0,0
1207,7,Седан,B,0,0,0
1208,44,Седан,B,1,1,8794
1209,43,Седан,A,0,0,0
1210,27,Седан,B,0,0,0
1211,44,Хэтчбек,A,0,0,0
1212,15,Седан,B,0,0,0
1213,23,Внедорожник,B,1,1,7941
1214,11,Хэтчбек,A,1,1,9314
1215,13,Хэтчбек,A,0,0,0
1216,29,Хэтчбек,A,1,1,8431
1217,31,Седан,B,1,1,9044
1218,46,Хэтчбек,A,0,0,0
1219,18,Седан,B,1,1,9626
1220,4,Седан,B,1,1,8798
1221,28,Хэтчбек,B,1,1,8512
1222,1,Хэтчбек,B,1,0,0
1223,49,Седан,A,1,1,8953
1224,49,Хэтчбек,B,1,0,0
1225,23,Хэтчбек,B,0,0,0
1226,16,Седан,B,1,1,9426
1227,41,Седан,B,1,1,8850
1228,26,Хэтчбек,A,0,0,0
1229,48,Седан,B,0,0,0
1230,2,Седан,B,1,1,9094
1231,47,Внедорожник,B,0,0,0
1232,17,Хэтчбек,B,0,0,0
1233,20,Хэтчбек,A,1,1,8626
1234,38,Хэтчбек,B,1,0,0
1235,0,Хэтчбек,B,0,0,0
1236,6,Хэтчбек,A,1,1,9309
1237,44,Седан,A,0,0,0
1238,22,Хэтчбек,A,1,1,8265
1239,15,Хэтчбек,A,1,1,8754
1240,10,Внедорожник,A,1,0,0
1241,34,Седан,B,1,1,8562
1242,40,Хэтчбек,A,1,0,0
1243,38,Хэтчбек,A,0,0,0
1244,21,Хэтчбек,B,1,1,9055
1245,34,Хэтчбек,A,0,0,0
1246,32,Седан,B,1,0,0
1247,42,Внедорожник,A,0,0,0
1248,44,Внедорожник,B,1,1,9633
1249,35,Хэтчбек,A,1,0,0
1250,41,Внедорожник,B,1,1,8930
1251,39,Внедорожник,A,1,1,8756
1252,27,Внедорожник,B,1,1,9224
1253,48,Внедорожник,A,0,0,0
1254,10,Внедорожник,B,1,1,8500
1255,4,Седан,A,1,1,9788
1256,17,Седан,A,0,0,0
1257,3,Седан,B,1,1,8012
1258,37,Внедорожник,A,0,0,0
1259,30,Седан,B,1,0,0
1260,23,Внедорожник,B,1,0,0
1261,29,Внедорожник,B,0,0,0
1262,38,Седан,B,0,0,0
1263,30,Хэтчбек,A,0,0,0
1264,11,Внедорожник,B,1,0,0
1265,2,Внедорожник,B,1,0,0
1266,29,Седан,B,0,0,0
1267,7,Внедорожник,B,0,0,0
1268,9,Внедорожник,A,1,1,8929
1269,23,Внедорожник,B,1,1,9069
1270,0,Седан,A,0,0,0
1271,48,Хэтчбек,B,0,0,0
1272,17,Хэтчбек,A,1,1,8566
1273,40,Седан,A,0,0,0
1274,21,Внедорожник,B,0,0,0
1275,30,Хэтчбек,B,1,1,8277
1276,26,Седан,A,0,0,0
1277,15,Седан,A,1,0,0
1278,48,Внедорожник,A,1,1,9218
1279,17,Внедорожник,A,0,0,0
1280,10,Седан,A,1,0,0
1281,17,Седан,A,0,0,0
1282,3,Седан,B,1,1,8483
1283,39,Хэтчбек,B,1,1,9615
1284,9,Внедорожник,B,1,1,9700
1285,29,Седан,B,0,0,0
1286,3,Внедорожник,B,0,0,0
1287,7,Хэтчбек,A,0,0,0
1288,16,Седан,B,1,0,0
1289,34,Внедорожник,B,1,1,9040
1290,4,Хэтчбек,B,1,1,8435
1291,26,Седан,B,1,1,9677
1292,36,Внедорожник,A,1,1,8208
1293,6,Седан,A,0,0,0
1294,32,Внедорожник,B,1,1,9382
1295,17,Внедорожник,A,0,0,0
1296,37,Хэтчбек,B,0,0,0
1297,27,Хэтчбек,B,0,0,0
1298,14,Хэтчбек,B,1,1,9316
1299,22,Хэтчбек,B,0,0,0
1300,31,Хэтчбек,A,1,0,0
1301,8,Внедорожник,A,1,1,9276
1302,29,Хэтчбек,B,0,0,0
1303,28,Внедорожник,B,1,1,8114
1304,31,Внедорожник,A,1,1,8877
1305,34,Седан,B,1,1,8681
1306,17,Внедорожник,B,0,0,0
1307,28,Внедорожник,B,0,0,0
1308,47,Хэтчбек,B,1,0,0
1309,16,Внедорожник,B,1,0,0
1310,8,Хэтчбек,B,0,0,0
1311,44,Внедорожник,B,0,0,0
1312,7,Внедорожник,A,1,1,8150
1313,12,Хэтчбек,B,0,0,0
1314,32,Седан,B,1,0,0
1315,20,Внедорожник,A,0,0,0
1316,43,Внедорожник,A,0,0,0
1317,11,Хэтчбек,B,1,0,0
1318,29,Хэтчбек,A,1,1,8451
1319,40,Седан,A,0,0,0
1320,0,Седан,A,1,0,0
1321,20,Седан,B,1,1,8937
1322,45,Внедорожник,B,0,0,0
1323,28,Внедорожник,A,1,1,8757
1324,13,Хэтчбек,A,1,1,8877
1325,37,Хэтчбек,A,0,0,0
1326,47,Хэтчбек,A,0,0,0
1327,39,Седан,B,1,1,8921
1328,4,Седан,B,1,1,8663
1329,46,Седан,A,1,1,8649
1330,12,Внедорожник,A,0,0,0
1331,37,Внедорожник,B,1,1,8446
1332,48,Хэтчбек,A,1,1,7722
1333,4,Седан,A,0,0,0
1334,41,Внедорожник,A,1,1,8957
1335,36,Седан,B,1,0,0
1336,16,Внедорожник,A,1,1,9626
1337,18,Седан,A,0,0,0
1338,37,Внедорожник,B,1,1,8924
1339,30,Внедорожник,A,1,1,8968
1340,46,Внедорожник,A,0,0,0
1341,35,Внедорожник,B,1,1,8593
1342,48,Хэтчбек,B,1,1,8731
1343,0,Седан,B,1,1,9794
1344,49,Внедорожник,B,1,1,9075
1345,9,Внедорожник,A,0,0,0
1346,33,Седан,B,1,1,8607
1347,48,Внедорожник,B,1,1,8869
1348,49,Внедорожник,B,1,0,0
1349,12,Седан,A,1,1,8419
1350,6,Хэтчбек,A,1,1,9354
1351,36,Хэтчбек,B,0,0,0
1352,35,Внедорожник,A,1,1,9007
1353,38,Хэтчбек,A,0,0,0
1354,36,Хэтчбек,B,0,0,0
1355,30,Внедорожник,B,1,0,0
1356,19,Внедорожник,A,1,1,8312
1357,38,Хэтчбек,B,1,1,9044
1358,44,Внедорожник,A,0,0,0
1359,35,Внедорожник,B,1,0,0
1360,14,Хэтчбек,B,0,0,0
1361,29,Седан,B,1,0,0
1362,17,Хэтчбек,B,0,0,0
1363,3,Хэтчбек,B,1,1,8670
1364,29,Хэтчбек,A,1,1,8152
1365,27,Внедорожник,B,0,0,0
1366,3,Хэтчбек,B,1,1,8818
1367,33,Внедорожник,B,0,0,0
1368,27,Седан,A,1,1,8907
1369,36,Хэтчбек,B,0,0,0
1370,21,Седан,B,1,1,9038
1371,39,Хэтчбек,A,1,0,0
1372,42,Внедорожник,B,1,0,0
1373,10,Седан,A,1,1,7907
1374,29,Хэтчбек,A,1,1,8357
1375,49,Седан,B,1,1,9377
1376,29,Внедорожник,B,1,1,9735
1377,24,Внедорожник,A,0,0,0
1378,16,Хэтчбек,A,1,1,8902
1379,0,Хэтчбек,A,0,0,0
1380,36,Седан,B,1,0,0
1381,34,Внедорожник,B,0,0,0
1382,13,Внедорожник,B,1,1,8409
1383,1,Хэтчбек,B,1,0,0
1384,2,Внедорожник,A,0,0,0
1385,2,Внедорожник,B,0,0,0
1386,19,Внедорожник,B,1,1,9868
1387,12,Седан,A,1,1,10456
1388,30,Седан,A,1,0,0
1389,39,Седан,A,0,0,0
1390,21,Внедорожник,B,1,0,0
1391,13,Хэтчбек,A,0,0,0
1392,49,Хэтчбек,B,1,0,0
1393,26,Хэтчбек,B,1,1,8564
1394,12,Седан,A,0,0,0
1395,49,Внедорожник,A,1,1,9486
1396,0,Седан,B,1,1,8837
1397,1,Седан,A,0,0,0
1398,36,Хэтчбек,A,0,0,0
1399,10,Хэтчбек,B,1,1,8516
1400,42,Внедорожник,B,1,1,7716
1401,32,Седан,A,1,0,0
1402,28,Внедорожник,B,1,0,0
1403,2,Седан,B,1,1,8886
1404,28,Внедорожник,B,0,0,0
1405,1,Седан,A,0,0,0
1406,13,Внедорожник,B,1,0,0
1407,19,Седан,A,1,1,8834
1408,47,Седан,A,1,0,0
1409,17,Хэтчбек,A,1,1,9002
1410,36,Седан,A,0,0,0
1411,7,Хэтчбек,A,1,1,9207
1412,6,Внедорожник,B,1,1,8300
1413,9,Хэтчбек,B,0,0,0
1414,15,Седан,B,0,0,0
1415,18,Хэтчбек,A,1,1,9758
1416,29,Хэтчбек,B,1,1,9960
1417,42,Внедорожник,A,1,1,9393
1418,18,Хэтчбек,B,0,0,0
1419,2,Внедорожник,A,1,1,9448
1420,29,Внедорожник,B,1,1,8652
1421,17,Хэтчбек,A,0,0,0
1422,35,Седан,B,1,1,8697
1423,19,Внедорожник,A,1,1,9252
1424,16,Хэтчбек,A,0,0,0
1425,23,Внедорожник,A,1,1,8875
1426,12,Хэтчбек,A,1,1,8482
1427,35,Хэтчбек,B,1,1,8610
1428,45,Седан,A,0,0,0
1429,2,Хэтчбек,B,1,1,8809
1430,20,Внедорожник,A,1,1,9373
1431,3,Внедорожник,B,1,1,8562
1432,17,Седан,B,0,0,0
1433,44,Внедорожник,B,1,0,0
1434,38,Седан,A,1,1,8940
1435,42,Хэтчбек,A,1,1,8687
1436,10,Хэтчбек,A,0,0,0
1437,37,Хэтчбек,A,1,1,9514
1438,42,Седан,B,0,0,0
1439,40,Внедорожник,B,1,1,8780
1440,47,Внедорожник,B,0,0,0
1441,27,Хэтчбек,B,0,0,0
1442,4,Внедорожник,A,0,0,0
1443,22,Седан,B,1,0,0
1444,37,Седан,A,0,0,0
1445,35,Седан,B,1,1,9154
1446,30,Седан,A,1,1,8372
1447,7,Внедорожник,B,0,0,0
1448,24,Седан,B,1,1,9707
1449,24,Внедорожник,A,1,1,10337
1450,47,Хэтчбек,B,1,1,8423
1451,15,Внедорожник,B,1,0,0
1452,10,Седан,A,1,1,9278
1453,19,Внедорожник,A,1,0,0
1454,13,Хэтчбек,B,0,0,0
1455,39,Хэтчбек,B,1,1,9446
1456,37,Хэтчбек,A,1,0,0
1457,39,Внедорожник,B,0,0,0
1458,18,Седан,A,0,0,0
1459,7,Седан,A,1,1,9102
1460,24,Внедорожник,B,0,0,0
1461,32,Седан,B,1,1,9963
1462,44,Седан,A,0,0,0
1463,39,Внедорожник,B,1,1,8617
1464,40,Хэтчбек,B,1,1,9361
1465,47,Седан,B,0,0,0
1466,36,Хэтчбек,A,1,0,0
1467,42,Седан,A,1,1,9237
1468,16,Хэтчбек,B,0,0,0
1469,26,Хэтчбек,B,1,1,7679
1470,40,Седан,A,0,0,0
1471,16,Седан,A,1,1,10459
1472,46,Внедорожник,A,1,1,8788
1473,32,Седан,B,1,1,8943
1474,30,Седан,B,1,1,8816
1475,20,Внедорожник,A,0,0,0
1476,23,Хэтчбек,A,0,0,0
1477,15,Внедорожник,B,1,1,9669
1478,44,Хэтчбек,B,0,0,0
1479,19,Внедорожник,A,1,1,9830
1480,34,Седан,A,0,0,0
1481,27,Седан,B,0,0,0
1482,45,Хэтчбек,B,0,0,0
1483,34,Седан,A,0,0,0
1484,17,Хэтчбек,A,1,0,0
1485,23,Внедорожник,A,0,0,0
1486,27,Седан,A,0,0,0
1487,13,Хэтчбек,A,1,1,9675
1488,48,Внедорожник,A,1,1,10427
1489,23,Седан,A,0,0,0
1490,30,Седан,B,1,1,9223
1491,5,Хэтчбек,B,1,1,8357
1492,39,Седан,B,0,0,0
1493,33,Хэтчбек,B,1,1,8512
1494,49,Седан,A,1,0,0
1495,34,Внедорожник,A,0,0,0
1496,28,Седан,B,1,1,9087
1497,1,Хэтчбек,B,0,0,0
1498,4,Хэтчбек,A,0,0,0
1499,21,Хэтчбек,A,0,0,0
1500,8,Внедорожник,A,1,1,9414
1501,33,Седан,B,0,0,0
1502,35,Седан,A,1,1,8993
1503,48,Седан,A,0,0,0
1504,35,Хэтчбек,A,0,0,0
1505,25,Хэтчбек,B,1,1,9177
1506,5,Седан,B,0,0,0
1507,1,Хэтчбек,A,0,0,0
1508,35,Седан,B,1,1,9046
1509,7,Седан,B,0,0,0
1510,1,Хэтчбек,B,0,0,0
1511,1,Седан,B,1,1,8947
1512,7,Хэтчбек,B,0,0,0
1513,25,Седан,A,0,0,0
1514,36,Хэтчбек,A,0,0,0
1515,13,Хэтчбек,B,0,0,0
1516,44,Хэтчбек,B,1,1,9089
1517,27,Седан,B,1,1,8468
1518,32,Седан,B,1,1,8408
1519,43,Внедорожник,A,1,1,8488
1520,19,Седан,A,0,0,0
1521,34,Седан,A,1,1,8512
1522,45,Седан,A,1,1,8192
1523,36,Внедорожник,B,0,0,0
1524,16,Внедорожник,A,1,0,0
1525,48,Седан,B,1,1,8970
1526,42,Седан,A,0,0,0
1527,43,Хэтчбек,B,1,1,9288
1528,3,Седан,A,0,0,0
1529,8,Хэтчбек,A,0,0,0
1530,19,Седан,A,1,1,9390
1531,46,Хэтчбек,B,0,0,0
1532,0,Внедорожник,B,0,0,0
1533,20,Внедорожник,A,0,0,0
1534,32,Седан,A,1,0,0
1535,34,Внедорожник,B,1,1,9175
1536,43,Внедорожник,A,1,0,0
1537,5,Хэтчбек,A,1,0,0
1538,21,Внедорожник,A,0,0,0
1539,24,Седан,A,1,0,0
1540,2,Седан,A,0,0,0
1541,7,Внедорожник,B,0,0,0
1542,44,Седан,A,1,1,8814
1543,11,Внедорожник,A,1,1,8792
1544,28,Седан,B,1,0,0
1545,31,Хэтчбек,A,1,1,9233
1546,1,Внедорожник,B,1,0,0
1547,16,Седан,A,1,0,0
1548,18,Хэтчбек,A,0,0,0
1549,14,Внедорожник,B,1,1,8978
1550,21,Седан,B,1,1,8792
1551,47,Внедорожник,B,0,0,0
1552,47,Хэтчбек,A,1,1,8801
1553,5,Внедорожник,B,0,0,0
1554,33,Хэтчбек,A,0,0,0
1555,42,Хэтчбек,B,1,1,8426
1556,2,Седан,B,0,0,0
1557,27,Хэтчбек,B,0,0,0
1558,40,Хэтчбек,B,1,0,0
1559,19,Седан,A,1,0,0
1560,15,Хэтчбек,A,0,0,0
1561,7,Седан,A,0,0,0
1562,44,Седан,A,0,0,0
1563,29,Хэтчбек,B,1,1,9252
1564,35,Внедорожник,B,0,0,0
1565,33,Хэтчбек,A,1,0,0
1566,48,Внедорожник,B,1,0,0
1567,49,Хэтчбек,B,1,1,9620
1568,16,Седан,B,1,1,8208
1569,24,Хэтчбек,B,0,0,0
1570,5,Седан,B,0,0,0
1571,42,Внедорожник,B,0,0,0
1572,19,Хэтчбек,A,0,0,0
1573,17,Внедорожник,B,0,0,0
1574,45,Хэтчбек,A,1,1,8888
1575,32,Седан,B,1,0,0
1576,22,Седан,B,1,0,0
1577,33,Хэтчбек,A,1,1,8998
1578,38,Внедорожник,A,0,0,0
1579,9,Хэтчбек,A,0,0,0
1580,5,Хэтчбек,A,0,0,0
1581,12,Хэтчбек,A,0,0,0
1582,42,Внедорожник,A,1,1,8300
1583,16,Хэтчбек,A,0,0,0
1584,17,Седан,A,1,0,0
1585,4,Хэтчбек,A,0,0,0
1586,25,Хэтчбек,B,0,0,0
1587,14,Седан,B,1,0,0
1588,45,Хэтчбек,A,0,0,0
1589,17,Внедорожник,B,0,0,0
1590,29,Хэтчбек,A,0,0,0
1591,6,Внедорожник,A,1,0,0
1592,28,Хэтчбек,A,1,0,0
1593,10,Хэтчбек,B,1,1,9209
1594,5,Хэтчбек,A,0,0,0
1595,36,Внедорожник,B,0,0,0
1596,36,Седан,A,0,0,0
1597,20,Хэтчбек,A,1,0,0
1598,22,Хэтчбек,B,1,0,0
1599,10,Хэтчбек,B,1,1,8737
1600,43,Седан,A,0,0,0
1601,30,Хэтчбек,A,0,0,0
1602,14,Внедорожник,A,0,0,0
1603,48,Седан,A,0,0,0
1604,1,Внедорожник,A,0,0,0
1605,40,Внедорожник,B,1,1,9402
1606,7,Седан,B,1,0,0
1607,5,Седан,A,0,0,0
1608,15,Хэтчбек,A,0,0,0
1609,41,Седан,A,0,0,0
1610,32,Внедорожник,B,1,0,0
1611,23,Хэтчбек,A,1,1,8922
1612,14,Седан,B,1,1,9128
1613,34,Внедорожник,B,0,0,0
1614,29,Седан,A,1,1,8340
1615,25,Хэтчбек,A,1,1,8008
1616,4,Внедорожник,B,1,1,9796
1617,0,Седан,B,1,1,9906
1618,26,Хэтчбек,B,0,0,0
1619,20,Седан,A,1,0,0
1620,5,Хэтчбек,A,1,1,8008
1621,24,Внедорожник,B,0,0,0
1622,17,Внедорожник,A,0,0,0
1623,4,Седан,B,1,1,8923
1624,32,Внедорожник,B,1,0,0
1625,49,Седан,A,1,1,9285
1626,17,Седан,A,0,0,0
1627,8,Внедорожник,A,0,0,0
1628,9,Седан,A,0,0,0
1629,36,Седан,A,0,0,0
1630,31,Внедорожник,A,0,0,0
1631,30,Хэтчбек,B,1,0,0
1632,9,Седан,B,0,0,0
1633,44,Седан,A,0,0,0
1634,48,Седан,A,1,1,8627
1635,35,Внедорожник,A,0,0,0
1636,32,Хэтчбек,B,1,1,8986
1637,14,Внедорожник,B,0,0,0
1638,23,Внедорожник,A,1,0,0
1639,32,Внедорожник,B,0,0,0
1640,28,Хэтчбек,B,0,0,0
1641,43,Внедорожник,B,1,1,9211
1642,33,Внедорожник,B,0,0,0
1643,46,Внедорожник,A,1,0,0
1644,44,Хэтчбек,A,0,0,0
1645,8,Хэтчбек,B,1,0,0
1646,37,Хэтчбек,B,1,0,0
1647,2,Хэтчбек,B,1,1,8472
1648,17,Внедорожник,B,1,1,8793
1649,15,Хэтчбек,A,0,0,0
1650,3,Седан,B,1,1,8812
1651,21,Внедорожник,A,1,1,8857
1652,48,Седан,B,0,0,0
1653,29,Хэтчбек,B,1,1,9084
1654,37,Седан,A,0,0,0
1655,22,Внедорожник,B,1,1,8957
1656,18,Внедорожник,B,1,1,8565
1657,7,Внедорожник,A,1,1,8501
1658,49,Седан,A,0,0,0
1659,26,Внедорожник,B,1,1,8546
1660,4,Внедорожник,A,0,0,0
1661,45,Седан,A,0,0,0
1662,25,Хэтчбек,B,0,0,0
1663,26,Внедорожник,A,1,1,8831
1664,47,Хэтчбек,A,0,0,0
1665,19,Хэтчбек,B,1,0,0
1666,14,Внедорожник,A,1,1,8691
1667,18,Седан,B,0,0,0
1668,32,Хэтчбек,A,0,0,0
1669,27,Седан,A,0,0,0
1670,36,Внедорожник,B,1,0,0
1671,38,Внедорожник,B,1,0,0
1672,20,Внедорожник,A,1,0,0
1673,44,Внедорожник,A,1,0,0
1674,3,Внедорожник,B,1,1,8668
1675,18,Внедорожник,A,1,0,0
1676,13,Седан,A,0,0,0
1677,49,Внедорожник,A,1,1,9025
1678,31,Хэтчбек,B,0,0,0
1679,33,Хэтчбек,B,0,0,0
1680,18,Внедорожник,B,1,1,8959
1681,12,Седан,B,1,0,0
1682,47,Внедорожник,B,0,0,0
1683,27,Внедорожник,B,0,0,0
1684,39,Внедорожник,A,1,1,7849
1685,34,Внедорожник,A,1,1,9324
1686,7,Седан,A,0,0,0
1687,30,Хэтчбек,B,1,1,9423
1688,45,Хэтчбек,B,1,1,9454
1689,16,Хэтчбек,A,0,0,0
1690,1,Хэтчбек,B,1,0,0
1691,24,Хэтчбек,A,1,1,9483
1692,16,Хэтчбек,B,1,1,8930
1693,45,Седан,A,1,1,8564
1694,27,Внедорожник,B,1,1,9242
1695,37,Седан,A,0,0,0
1696,24,Седан,A,0,0,0
1697,48,Седан,A,1,1,9209
1698,12,Седан,A,1,0,0
1699,4,Седан,B,1,1,8870
1700,48,Седан,B,1,1,9430
1701,46,Внедорожник,B,0,0,0
1702,40,Седан,B,1,1,9036
1703,14,Седан,B,1,1,9135
1704,49,Хэтчбек,A,1,1,8391
1705,10,Хэтчбек,A,1,1,8393
1706,27,Внедорожник,B,1,0,0
1707,14,Седан,A,1,1,9035
1708,38,Хэтчбек,A,1,1,8682
1709,13,Седан,B,1,1,9899
1710,4,Хэтчбек,B,0,0,0
1711,22,Хэтчбек,A,1,1,9002
1712,15,Хэтчбек,B,0,0,0
1713,29,Хэтчбек,A,1,0,0
1714,14,Седан,B,1,0,0
1715,42,Внедорожник,A,0,0,0
1716,25,Хэтчбек,B,1,1,8885
1717,11,Хэтчбек,B,1,1,9253
1718,31,Внедорожник,A,1,0,0
1719,27,Седан,B,0,0,0
1720,22,Хэтчбек,B,0,0,0
1721,46,Внедорожник,A,0,0,0
1722,43,Седан,B,0,0,0
1723,20,Седан,A,0,0,0
1724,2,Седан,A,1,0,0
1725,25,Седан,B,1,1,8949
1726,0,Седан,B,1,0,0
1727,31,Хэтчбек,A,0,0,0
1728,46,Хэтчбек,A,1,1,9172
1729,6,Седан,A,0,0,0
1730,18,Внедорожник,A,1,0,0
1731,22,Седан,B,0,0,0
1732,46,Хэтчбек,B,1,0,0
1733,25,Внедорожник,B,0,0,0
1734,13,Хэтчбек,B,1,1,8389
1735,12,Хэтчбек,A,0,0,0
1736,37,Внедорожник,B,0,0,0
1737,19,Седан,B,1,1,8401
1738,31,Седан,A,1,1,8875
1739,28,Хэтчбек,B,0,0,0
1740,19,Внедорожник,A,0,0,0
1741,40,Внедорожник,B,0,0,0
1742,40,Хэтчбек,A,0,0,0
1743,25,Внедорожник,A,0,0,0
1744,47,Хэтчбек,B,1,1,8418
1745,29,Внедорожник,B,1,1,8726
1746,28,Седан,B,1,1,9481
1747,42,Хэтчбек,B,0,0,0
1748,10,Внедорожник,A,0,0,0
1749,20,Внедорожник,A,1,0,0
1750,17,Внедорожник,B,0,0,0
1751,0,Хэтчбек,B,1,1,9141
1752,39,Внедорожник,B,0,0,0
1753,38,Внедорожник,A,0,0,0
1754,34,Внедорожник,A,0,0,0
1755,1,Хэтчбек,B,1,1,9440
1756,48,Хэтчбек,A,1,1,8749
1757,22,Седан,A,0,0,0
1758,45,Хэтчбек,B,0,0,0
1759,49,Хэтчбек,A,1,0,0
1760,22,Хэтчбек,A,0,0,0
1761,39,Седан,B,1,1,9847
1762,28,Седан,A,0,0,0
1763,1,Внедорожник,B,1,0,0
1764,21,Хэтчбек,A,0,0,0
1765,2,Внедорожник,B,0,0,0
1766,32,Внедорожник,B,1,1,9362
1767,6,Внедорожник,B,1,0,0
1768,38,Хэтчбек,A,0,0,0
1769,35,Хэтчбек,B,0,0,0
1770,36,Седан,A,0,0,0
1771,23,Седан,B,0,0,0
1772,18,Внедорожник,A,0,0,0
1773,38,Внедорожник,A,1,1,8634
1774,25,Хэтчбек,B,0,0,0
1775,46,Седан,B,0,0,0
1776,15,Внедорожник,A,1,1,7668
1777,49,Внедорожник,A,0,0,0
1778,27,Седан,A,0,0,0
1779,21,Хэтчбек,A,0,0,0
1780,1,Внедорожник,B,1,0,0
1781,9,Хэтчбек,A,1,1,9109
1782,17,Внедорожник,B,1,1,9560
1783,11,Хэтчбек,B,1,1,8430
1784,0,Внедорожник,A,0,0,0
1785,3,Внедорожник,B,1,1,8939
1786,36,Внедорожник,B,1,0,0
1787,20,Хэтчбек,A,1,1,9465
1788,19,Седан,A,0,0,0
1789,47,Хэтчбек,B,1,1,8798
1790,5,Хэтчбек,B,1,0,0
1791,20,Хэтчбек,B,1,0,0
1792,4,Внедорожник,A,1,1,8282
1793,41,Внедорожник,B,1,0,0
1794,16,Хэтчбек,A,1,1,8653
1795,16,Хэтчбек,B,0,0,0
1796,5,Внедорожник,A,1,1,9265
1797,32,Седан,A,1,1,8683
1798,22,Внедорожник,B,0,0,0
1799,3,Внедорожник,B,0,0,0
1800,8,Хэтчбек,B,1,0,0
1801,28,Хэтчбек,A,1,0,0
1802,41,Внедорожник,A,1,0,0
1803,10,Хэтчбек,A,0,0,0
1804,38,Внедорожник,A,0,0,0
1805,28,Седан,B,0,0,0
1806,31,Хэтчбек,B,1,1,9265
1807,44,Седан,A,1,1,9117
1808,11,Внедорожник,A,1,1,8453
1809,34,Седан,B,1,1,8805
1810,27,Хэтчбек,B,1,1,9512
1811,49,Седан,A,1,1,9897
1812,7,Хэтчбек,B,1,0,0
1813,39,Седан,B,1,1,8354
1814,38,Хэтчбек,A,1,0,0
1815,5,Внедорожник,B,1,0,0
1816,9,Седан,B,1,0,0
1817,24,Седан,B,0,0,0
1818,12,Седан,A,0,0,0
1819,40,Хэтчбек,A,1,1,9040
1820,33,Седан,B,0,0,0
1821,14,Седан,B,1,1,8875
1822,45,Хэтчбек,A,1,0,0
1823,15,Хэтчбек,B,0,0,0
1824,4,Седан,B,1,1,9237
1825,22,Седан,A,1,1,8558
1826,2,Хэтчбек,B,1,1,9004
1827,7,Седан,A,1,0,0
1828,45,Седан,B,0,0,0
1829,8,Внедорожник,B,1,1,8146
1830,5,Внедорожник,A,0,0,0
1831,39,Седан,A,0,0,0
1832,15,Внедорожник,B,1,1,8306
1833,15,Внедорожник,A,0,0,0
1834,41,Хэтчбек,A,1,1,8352
1835,25,Седан,B,0,0,0
1836,22,Седан,A,0,0,0
1837,25,Внедорожник,B,1,1,8042
1838,25,Внедорожник,B,1,0,0
1839,19,Седан,A,0,0,0
1840,29,Хэтчбек,B,1,1,8829
1841,9,Седан,B,1,1,9252
1842,11,Хэтчбек,B,1,1,8829
1843,35,Седан,A,0,0,0
1844,26,Седан,A,1,1,8879
1845,39,Хэтчбек,A,0,0,0
1846,18,Хэтчбек,A,0,0,0
1847,8,Хэтчбек,A,1,0,0
1848,1,Хэтчбек,A,1,0,0
1849,35,Хэтчбек,B,0,0,0
1850,49,Хэтчбек,B,0,0,0
1851,46,Хэтчбек,A,1,0,0
1852,10,Внедорожник,A,0,0,0
1853,10,Седан,B,1,0,0
1854,24,Хэтчбек,B,1,1,9674
1855,31,Внедорожник,A,1,1,9502
1856,43,Седан,B,1,1,9480
1857,27,Седан,B,0,0,0
1858,13,Седан,A,0,0,0
1859,14,Внедорожник,B,1,0,0
1860,5,Внедорожник,A,0,0,0
1861,23,Седан,B,1,0,0
1862,42,Внедорожник,B,1,1,8650
1863,39,Внедорожник,A,0,0,0
1864,49,Хэтчбек,A,0,0,0
1865,37,Внедорожник,A,1,1,9359
1866,38,Седан,B,1,1,9142
1867,11,Седан,A,1,1,8749
1868,43,Внедорожник,B,0,0,0
1869,24,Внедорожник,A,0,0,0
1870,17,Седан,B,1,1,8074
1871,21,Седан,A,0,0,0
1872,30,Внедорожник,A,1,0,0
1873,18,Внедорожник,B,0,0,0
1874,25,Хэтчбек,A,0,0,0
1875,29,Седан,A,1,0,0
1876,37,Внедорожник,A,0,0,0
1877,49,Внедорожник,B,0,0,0
1878,40,Внедорожник,A,0,0,0
1879,49,Седан,A,0,0,0
1880,42,Хэтчбек,A,1,1,9223
1881,31,Внедорожник,B,1,1,8241
1882,39,Хэтчбек,B,1,0,0
1883,11,Седан,B,0,0,0
1884,14,Хэтчбек,B,1,0,0
1885,32,Хэтчбек,A,0,0,0
1886,1,Хэтчбек,A,1,1,9206
1887,1,Седан,B,1,0,0
1888,36,Седан,B,0,0,0
1889,25,Внедорожник,A,0,0,0
1890,12,Внедорожник,B,1,1,9121
1891,8,Внедорожник,B,0,0,0
1892,12,Хэтчбек,A,0,0,0
1893,24,Хэтчбек,B,1,1,8867
1894,19,Хэтчбек,B,0,0,0
1895,3,Седан,B,1,1,8162
1896,10,Внедорожник,B,1,0,0
1897,7,Седан,B,1,1,8687
1898,28,Хэтчбек,B,1,0,0
1899,14,Внедорожник,A,1,1,9392
1900,8,Седан,B,1,1,8625
1901,46,Внедорожник,B,1,1,9602
1902,35,Внедорожник,A,0,0,0
1903,35,Внедорожник,B,1,1,10013
1904,17,Хэтчбек,B,1,0,0
1905,23,Хэтчбек,A,0,0,0
1906,12,Внедорожник,B,1,1,8970
1907,45,Хэтчбек,A,1,0,0
1908,7,Седан,B,1,0,0
1909,47,Седан,A,1,1,9036
1910,46,Седан,B,1,1,8861
1911,39,Хэтчбек,A,0,0,0
1912,30,Внедорожник,B,1,1,9293
1913,19,Седан,B,1,1,9001
1914,42,Седан,A,0,0,0
1915,45,Хэтчбек,B,1,1,9052
1916,1,Хэтчбек,B,0,0,0
1917,43,Хэтчбек,A,1,1,8648
1918,18,Внедорожник,A,1,1,8020
1919,14,Внедорожник,A,1,0,0
1920,25,Хэтчбек,A,1,1,8978
1921,37,Седан,B,1,1,9167
1922,8,Хэтчбек,A,0,0,0
1923,34,Седан,A,1,0,0
1924,26,Хэтчбек,B,0,0,0
1925,11,Внедорожник,A,1,1,8629
1926,44,Седан,B,1,0,0
1927,11,Внедорожник,A,0,0,0
1928,40,Седан,A,1,1,9447
1929,36,Седан,A,0,0,0
1930,49,Хэтчбек,A,0,0,0
1931,12,Седан,B,0,0,0
1932,17,Хэтчбек,A,0,0,0
1933,31,Внедорожник,B,1,1,9384
1934,10,Хэтчбек,B,1,1,8753
1935,48,Внедорожник,A,0,0,0
1936,10,Внедорожник,B,0,0,0
1937,11,Хэтчбек,A,0,0,0
1938,29,Седан,B,1,1,8735
1939,34,Внедорожник,B,1,0,0
1940,10,Седан,A,0,0,0
1941,12,Внедорожник,B,0,0,0
1942,49,Внедорожник,B,1,1,8370
1943,39,Внедорожник,B,0,0,0
1944,48,Хэтчбек,B,1,0,0
1945,10,Хэтчбек,A,0,0,0
1946,2,Внедорожник,B,1,1,9330
1947,47,Хэтчбек,B,1,0,0
1948,11,Хэтчбек,A,1,1,9621
1949,46,Внедорожник,A,1,0,0
1950,41,Внедорожник,B,0,0,0
1951,27,Хэтчбек,A,1,1,8094
1952,3,Хэтчбек,B,0,0,0
1953,16,Внедорожник,A,1,1,9232
1954,0,Хэтчбек,A,1,1,9465
1955,13,Внедорожник,B,0,0,0
1956,38,Седан,A,0,0,0
1957,4,Внедорожник,B,0,0,0
1958,3,Внедорожник,B,0,0,0
1959,19,Внедорожник,A,0,0,0
1960,17,Седан,B,1,1,9961
1961,16,Внедорожник,A,1,1,8263
1962,7,Внедорожник,B,1,1,9032
1963,24,Внедорожник,A,1,1,8091
1964,11,Седан,B,0,0,0
1965,22,Седан,B,0,0,0
1966,27,Хэтчбек,B,1,0,0
1967,2,Седан,A,1,0,0
1968,8,Внедорожник,A,0,0,0
1969,8,Внедорожник,B,0,0,0
1970,25,Хэтчбек,A,1,1,8539
1971,38,Хэтчбек,A,1,1,9315
1972,33,Внедорожник,B,0,0,0
1973,24,Хэтчбек,B,0,0,0
1974,21,Седан,B,1,0,0
1975,4,Внедорожник,A,0,0,0
1976,31,Внедорожник,A,0,0,0
1977,11,Седан,B,0,0,0
1978,37,Внедорожник,B,0,0,0
1979,7,Внедорожник,B,1,1,9428
1980,22,Седан,A,0,0,0
1981,42,Хэтчбек,B,1,1,8988
1982,31,Внедорожник,A,1,0,0
1983,9,Седан,A,1,1,10000
1984,18,Седан,B,1,0,0
1985,23,Хэтчбек,B,0,0,0
1986,19,Хэтчбек,B,0,0,0
1987,25,Внедорожник,A,1,1,9043
1988,5,Седан,B,1,1,9124
1989,25,Внедорожник,A,1,0,0
1990,45,Седан,B,1,1,8902
1991,47,Седан,B,1,1,9185
1992,24,Внедорожник,B,0,0,0
1993,44,Внедорожник,B,0,0,0
1994,26,Седан,A,0,0,0
1995,43,Седан,B,1,1,8179
1996,32,Внедорожник,A,0,0,0
1997,30,Хэтчбек,A,0,0,0
1998,14,Седан,A,0,0,0
1999,7,Хэтчбек,A,1,0,0
