id,client_id,car_type,group,clicked,purchased,cost,order_id,service_type,date
5,39,Внедорожник,B,1,1,9615,6,Сервис,2025-05-16
7,19,Хэтчбек,A,1,1,9757,8,Сервис,2025-04-05
8,21,Седан,A,1,1,8961,9,Колеса,2025-04-02
9,36,Хэтчбек,A,1,1,8032,10,Колеса,2025-05-13
11,6,Хэтчбек,B,1,1,8966,12,Сервис,2025-06-22
12,24,Хэтчбек,A,1,1,9263,13,Полировка,2025-08-06
13,24,Хэтчбек,B,1,1,8929,14,Чехлы,2025-07-05
14,12,Седан,A,1,1,9599,15,Полировка,2025-03-13
16,38,Хэтчбек,A,1,1,8739,17,Полировка,2025-07-15
19,46,Внедорожник,B,1,1,8890,20,Сервис,2025-04-28
25,8,Седан,B,1,1,9013,26,Полировка,2025-05-29
27,20,Хэтчбек,B,1,1,8564,28,Полировка,2025-07-12
31,47,Седан,B,1,1,9564,32,Полировка,2025-06-24
32,0,Хэтчбек,A,1,1,8550,33,Сервис,2025-03-15
37,29,Внедорожник,A,1,1,8216,38,Чехлы,2025-06-03
40,14,Внедорожник,B,1,1,7957,41,Сервис,2025-07-12
45,32,Седан,B,1,1,9712,46,Колеса,2025-04-12
49,35,Хэтчбек,A,1,1,7789,50,Полировка,2025-07-05
51,28,Внедорожник,A,1,1,8472,52,Колеса,2025-07-12
55,36,Внедорожник,B,1,1,8580,56,Чехлы,2025-05-28
56,5,Хэтчбек,B,1,1,9424,57,Полировка,2025-08-01
57,38,Седан,B,1,1,9186,58,Колеса,2025-04-06
59,17,Хэтчбек,A,1,1,9085,60,Полировка,2025-07-02
60,15,Внедорожник,B,1,1,9050,61,Чехлы,2025-07-29
61,4,Хэтчбек,A,1,1,8574,62,Сервис,2025-06-26
64,31,Внедорожник,A,1,1,10120,65,Чехлы,2025-04-03
68,41,Хэтчбек,B,1,1,8529,69,Чехлы,2025-06-14
69,35,Внедорожник,B,1,1,9292,70,Колеса,2025-03-19
70,38,Седан,A,1,1,9065,71,Чехлы,2025-05-02
71,11,Хэтчбек,B,1,1,8737,72,Сервис,2025-06-18
78,12,Хэтчбек,A,1,1,9249,79,Чехлы,2025-04-18
79,42,Внедорожник,B,1,1,8418,80,Сервис,2025-07-07
82,4,Внедорожник,B,1,1,8240,83,Сервис,2025-05-15
83,6,Седан,A,1,1,8570,84,Полировка,2025-04-25
88,36,Седан,B,1,1,9726,89,Чехлы,2025-03-18
100,5,Хэтчбек,B,1,1,9411,101,Полировка,2025-04-09
104,31,Внедорожник,A,1,1,8356,105,Полировка,2025-05-07
105,5,Седан,B,1,1,9010,106,Сервис,2025-07-24
106,30,Хэтчбек,B,1,1,9105,107,Чехлы,2025-06-27
107,0,Внедорожник,B,1,1,9139,108,Чехлы,2025-08-01
108,49,Хэтчбек,B,1,1,8881,109,Сервис,2025-03-22
110,34,Внедорожник,B,1,1,8441,111,Сервис,2025-07-10
111,48,Внедорожник,B,1,1,8554,112,Колеса,2025-03-23
115,42,Хэтчбек,A,1,1,7987,116,Полировка,2025-07-15
125,2,Хэтчбек,B,1,1,9201,126,Чехлы,2025-04-27
126,34,Внедорожник,A,1,1,9776,127,Полировка,2025-07-17
127,35,Внедорожник,B,1,1,9183,128,Полировка,2025-03-05
131,46,Седан,B,1,1,8757,132,Колеса,2025-06-21
132,35,Хэтчбек,A,1,1,8369,133,Колеса,2025-06-22
135,27,Хэтчбек,A,1,1,8731,136,Полировка,2025-07-24
136,14,Седан,B,1,1,9065,137,Полировка,2025-05-16
137,41,Внедорожник,B,1,1,9360,138,Полировка,2025-06-21
138,1,Внедорожник,B,1,1,9800,139,Чехлы,2025-06-17
139,36,Хэтчбек,B,1,1,8354,140,Колеса,2025-07-01
141,22,Хэтчбек,B,1,1,9152,142,Чехлы,2025-05-21
142,43,Хэтчбек,B,1,1,8450,143,Чехлы,2025-06-27
143,40,Хэтчбек,B,1,1,9085,144,Чехлы,2025-04-30
144,11,Внедорожник,A,1,1,8850,145,Сервис,2025-05-24
147,32,Хэтчбек,A,1,1,8327,148,Чехлы,2025-04-05
151,46,Седан,A,1,1,9783,152,Чехлы,2025-06-06
152,42,Хэтчбек,B,1,1,8500,153,Сервис,2025-05-17
153,40,Хэтчбек,B,1,1,9035,154,Полировка,2025-06-24
157,2,Хэтчбек,A,1,1,8982,158,Чехлы,2025-03-30
158,3,Седан,B,1,1,9254,159,Полировка,2025-03-26
159,30,Седан,B,1,1,8729,160,Сервис,2025-04-15
160,34,Внедорожник,A,1,1,8791,161,Полировка,2025-06-27
164,40,Седан,B,1,1,8766,165,Полировка,2025-06-27
167,31,Седан,B,1,1,8912,168,Колеса,2025-04-26
168,8,Внедорожник,B,1,1,8573,169,Сервис,2025-04-12
172,44,Седан,B,1,1,9065,173,Полировка,2025-04-18
173,14,Внедорожник,A,1,1,9498,174,Чехлы,2025-07-05
174,32,Седан,A,1,1,9367,175,Полировка,2025-07-11
176,3,Внедорожник,B,1,1,8950,177,Колеса,2025-04-04
177,45,Внедорожник,A,1,1,8863,178,Полировка,2025-06-20
181,45,Хэтчбек,A,1,1,10035,182,Полировка,2025-05-22
183,16,Хэтчбек,A,1,1,8740,184,Сервис,2025-05-04
184,24,Седан,B,1,1,9286,185,Сервис,2025-07-21
187,46,Седан,B,1,1,9035,188,Чехлы,2025-05-24
192,40,Седан,B,1,1,8252,193,Колеса,2025-03-25
194,36,Хэтчбек,B,1,1,9410,195,Чехлы,2025-07-19
197,31,Седан,B,1,1,9435,198,Сервис,2025-04-20
198,13,Внедорожник,B,1,1,9633,199,Полировка,2025-04-02
199,7,Хэтчбек,B,1,1,8163,200,Сервис,2025-05-09
203,18,Внедорожник,A,1,1,8497,204,Чехлы,2025-07-17
204,40,Внедорожник,B,1,1,8334,205,Сервис,2025-08-07
207,38,Седан,B,1,1,8400,208,Полировка,2025-08-03
208,47,Хэтчбек,B,1,1,9488,209,Колеса,2025-03-29
210,1,Внедорожник,B,1,1,9424,211,Сервис,2025-04-17
213,24,Внедорожник,B,1,1,8894,214,Колеса,2025-05-30
214,24,Хэтчбек,B,1,1,8909,215,Сервис,2025-05-18
216,18,Хэтчбек,A,1,1,8954,217,Полировка,2025-04-28
220,12,Седан,B,1,1,9074,221,Сервис,2025-04-07
225,23,Седан,B,1,1,9073,226,Сервис,2025-05-08
229,40,Хэтчбек,B,1,1,8955,230,Сервис,2025-05-15
231,10,Внедорожник,A,1,1,7803,232,Колеса,2025-04-16
233,37,Хэтчбек,B,1,1,8882,234,Сервис,2025-07-19
235,47,Седан,A,1,1,8680,236,Колеса,2025-03-20
238,27,Седан,B,1,1,9502,239,Полировка,2025-07-26
239,19,Внедорожник,B,1,1,9420,240,Колеса,2025-03-19
240,25,Внедорожник,B,1,1,9978,241,Полировка,2025-06-12
241,23,Хэтчбек,A,1,1,7918,242,Колеса,2025-07-14
243,20,Внедорожник,B,1,1,9184,244,Сервис,2025-05-15
245,3,Внедорожник,B,1,1,9205,246,Сервис,2025-07-14
251,23,Хэтчбек,A,1,1,9413,252,Колеса,2025-03-18
252,3,Хэтчбек,B,1,1,9352,253,Чехлы,2025-03-24
253,46,Внедорожник,A,1,1,9426,254,Чехлы,2025-07-07
255,44,Седан,B,1,1,9480,256,Сервис,2025-03-25
256,3,Хэтчбек,A,1,1,8437,257,Чехлы,2025-07-18
258,9,Хэтчбек,A,1,1,8961,259,Полировка,2025-03-18
259,10,Внедорожник,B,1,1,8494,260,Сервис,2025-07-25
261,45,Хэтчбек,B,1,1,8158,262,Сервис,2025-08-04
262,7,Хэтчбек,B,1,1,8630,263,Сервис,2025-06-18
263,39,Седан,A,1,1,8956,264,Полировка,2025-07-28
267,34,Седан,B,1,1,9336,268,Чехлы,2025-03-03
271,5,Внедорожник,A,1,1,8689,272,Чехлы,2025-06-20
274,0,Внедорожник,A,1,1,8677,275,Колеса,2025-08-07
278,16,Внедорожник,B,1,1,9085,279,Колеса,2025-03-05
282,48,Седан,B,1,1,9449,283,Чехлы,2025-05-24
285,40,Хэтчбек,B,1,1,8717,286,Сервис,2025-03-24
289,3,Седан,A,1,1,8989,290,Сервис,2025-06-14
297,17,Внедорожник,A,1,1,8649,298,Полировка,2025-07-30
298,29,Внедорожник,A,1,1,9520,299,Чехлы,2025-06-25
300,2,Хэтчбек,A,1,1,8678,301,Чехлы,2025-05-06
301,5,Седан,B,1,1,8371,302,Полировка,2025-05-13
302,37,Седан,B,1,1,8730,303,Полировка,2025-05-15
303,12,Внедорожник,B,1,1,8861,304,Колеса,2025-05-25
304,44,Внедорожник,B,1,1,9429,305,Колеса,2025-07-05
307,27,Внедорожник,B,1,1,9068,308,Полировка,2025-07-16
308,21,Хэтчбек,A,1,1,8899,309,Сервис,2025-07-31
310,39,Хэтчбек,A,1,1,9341,311,Чехлы,2025-05-14
314,17,Хэтчбек,B,1,1,9550,315,Полировка,2025-05-06
316,7,Хэтчбек,B,1,1,9168,317,Чехлы,2025-07-30
318,28,Седан,B,1,1,8989,319,Сервис,2025-04-20
320,19,Седан,B,1,1,8749,321,Сервис,2025-05-18
321,49,Хэтчбек,B,1,1,8981,322,Полировка,2025-07-28
322,41,Хэтчбек,B,1,1,9084,323,Колеса,2025-08-01
323,29,Хэтчбек,A,1,1,9031,324,Сервис,2025-04-22
325,21,Седан,A,1,1,8107,326,Колеса,2025-06-27
326,9,Седан,B,1,1,9293,327,Сервис,2025-06-08
327,25,Внедорожник,B,1,1,8671,328,Колеса,2025-06-19
331,28,Седан,A,1,1,9292,332,Полировка,2025-06-05
333,17,Хэтчбек,B,1,1,8521,334,Колеса,2025-07-21
338,42,Седан,B,1,1,9715,339,Полировка,2025-04-07
341,24,Седан,A,1,1,8863,342,Колеса,2025-04-19
344,27,Седан,A,1,1,9372,345,Полировка,2025-06-21
345,29,Внедорожник,A,1,1,9470,346,Чехлы,2025-08-07
347,23,Внедорожник,B,1,1,9096,348,Чехлы,2025-08-07
348,32,Седан,A,1,1,8847,349,Полировка,2025-04-08
353,13,Хэтчбек,B,1,1,8615,354,Сервис,2025-04-14
355,0,Хэтчбек,A,1,1,9316,356,Полировка,2025-04-01
356,11,Хэтчбек,A,1,1,7882,357,Полировка,2025-05-12
358,36,Внедорожник,A,1,1,9349,359,Полировка,2025-05-26
359,25,Хэтчбек,B,1,1,8819,360,Полировка,2025-05-24
360,32,Хэтчбек,A,1,1,8363,361,Сервис,2025-05-09
362,14,Седан,B,1,1,8674,363,Полировка,2025-05-15
363,22,Хэтчбек,B,1,1,9475,364,Чехлы,2025-05-17
364,28,Седан,B,1,1,9547,365,Чехлы,2025-06-17
365,20,Седан,A,1,1,8569,366,Чехлы,2025-03-15
366,18,Внедорожник,B,1,1,8977,367,Колеса,2025-06-30
371,7,Седан,A,1,1,8394,372,Сервис,2025-04-27
376,8,Внедорожник,B,1,1,9900,377,Полировка,2025-04-13
377,15,Седан,B,1,1,9809,378,Чехлы,2025-04-22
378,15,Хэтчбек,A,1,1,8483,379,Чехлы,2025-06-30
379,11,Седан,B,1,1,9428,380,Сервис,2025-08-04
383,45,Хэтчбек,B,1,1,8358,384,Полировка,2025-06-01
385,10,Хэтчбек,B,1,1,8663,386,Сервис,2025-07-18
386,46,Хэтчбек,B,1,1,9369,387,Сервис,2025-07-12
391,18,Седан,B,1,1,8302,392,Колеса,2025-07-25
393,30,Хэтчбек,B,1,1,9444,394,Колеса,2025-06-20
394,43,Седан,B,1,1,8096,395,Чехлы,2025-06-26
395,18,Внедорожник,B,1,1,9256,396,Сервис,2025-05-28
397,23,Внедорожник,A,1,1,9502,398,Чехлы,2025-06-18
399,6,Внедорожник,A,1,1,8932,400,Сервис,2025-03-08
400,42,Внедорожник,A,1,1,8826,401,Сервис,2025-08-07
407,42,Седан,A,1,1,8413,408,Сервис,2025-06-17
408,9,Седан,A,1,1,9565,409,Чехлы,2025-05-30
411,6,Хэтчбек,A,1,1,8313,412,Полировка,2025-07-26
413,39,Седан,A,1,1,9417,414,Чехлы,2025-04-07
416,7,Внедорожник,A,1,1,9613,417,Сервис,2025-04-15
418,22,Хэтчбек,A,1,1,8950,419,Колеса,2025-05-17
420,25,Седан,B,1,1,9318,421,Чехлы,2025-07-28
424,17,Хэтчбек,B,1,1,9089,425,Сервис,2025-06-05
427,25,Хэтчбек,B,1,1,7820,428,Сервис,2025-07-29
433,4,Седан,A,1,1,7751,434,Сервис,2025-07-25
434,36,Внедорожник,A,1,1,8894,435,Колеса,2025-04-08
435,44,Седан,B,1,1,8956,436,Колеса,2025-05-27
438,30,Седан,A,1,1,9400,439,Сервис,2025-07-07
442,37,Седан,B,1,1,8837,443,Полировка,2025-05-06
444,27,Внедорожник,B,1,1,9115,445,Колеса,2025-05-24
448,7,Внедорожник,A,1,1,8326,449,Чехлы,2025-03-22
450,49,Хэтчбек,B,1,1,8454,451,Сервис,2025-03-15
455,17,Седан,A,1,1,9697,456,Колеса,2025-06-04
456,20,Хэтчбек,A,1,1,8778,457,Чехлы,2025-07-09
458,3,Хэтчбек,B,1,1,8813,459,Чехлы,2025-06-17
459,42,Хэтчбек,A,1,1,9460,460,Сервис,2025-03-22
460,1,Хэтчбек,A,1,1,8972,461,Чехлы,2025-07-18
463,4,Хэтчбек,B,1,1,8350,464,Чехлы,2025-07-25
464,16,Седан,B,1,1,9679,465,Колеса,2025-07-23
465,48,Хэтчбек,B,1,1,8630,466,Колеса,2025-05-03
469,40,Хэтчбек,A,1,1,9544,470,Колеса,2025-06-25
470,30,Седан,B,1,1,9577,471,Сервис,2025-04-01
472,43,Внедорожник,A,1,1,8745,473,Колеса,2025-04-21
473,31,Внедорожник,A,1,1,9127,474,Колеса,2025-07-28
477,27,Седан,B,1,1,8144,478,Колеса,2025-03-24
479,35,Внедорожник,A,1,1,9794,480,Сервис,2025-04-30
481,12,Внедорожник,A,1,1,8852,482,Чехлы,2025-08-02
482,18,Хэтчбек,B,1,1,9162,483,Колеса,2025-06-19
483,49,Внедорожник,A,1,1,9204,484,Чехлы,2025-05-26
484,10,Хэтчбек,A,1,1,9741,485,Сервис,2025-06-26
485,34,Хэтчбек,A,1,1,9085,486,Полировка,2025-04-10
487,43,Внедорожник,B,1,1,9183,488,Сервис,2025-05-11
493,0,Седан,A,1,1,8772,494,Чехлы,2025-05-23
494,39,Внедорожник,A,1,1,8859,495,Полировка,2025-07-17
497,35,Седан,A,1,1,9515,498,Колеса,2025-06-06
498,5,Седан,B,1,1,9076,499,Полировка,2025-06-18
502,40,Седан,B,1,1,9250,503,Чехлы,2025-06-05
503,33,Хэтчбек,B,1,1,9388,504,Полировка,2025-05-27
504,28,Хэтчбек,A,1,1,8571,505,Сервис,2025-04-19
509,9,Внедорожник,A,1,1,9259,510,Сервис,2025-06-29
512,7,Хэтчбек,B,1,1,9216,513,Чехлы,2025-04-26
514,8,Седан,B,1,1,8448,515,Чехлы,2025-04-22
516,7,Седан,B,1,1,8248,517,Сервис,2025-03-06
517,3,Седан,B,1,1,8811,518,Сервис,2025-07-20
518,21,Внедорожник,A,1,1,9829,519,Полировка,2025-07-08
519,27,Седан,A,1,1,8407,520,Колеса,2025-06-22
520,44,Внедорожник,A,1,1,9473,521,Полировка,2025-07-27
521,3,Внедорожник,A,1,1,8571,522,Сервис,2025-03-29
524,7,Хэтчбек,B,1,1,8549,525,Чехлы,2025-07-03
527,0,Хэтчбек,A,1,1,9059,528,Полировка,2025-06-16
531,30,Внедорожник,A,1,1,8695,532,Чехлы,2025-05-04
532,9,Седан,B,1,1,8165,533,Колеса,2025-03-24
533,19,Внедорожник,B,1,1,8950,534,Сервис,2025-06-05
537,28,Седан,A,1,1,9209,538,Полировка,2025-05-07
540,46,Хэтчбек,B,1,1,10711,541,Чехлы,2025-08-05
541,0,Внедорожник,A,1,1,8419,542,Чехлы,2025-04-16
542,40,Внедорожник,B,1,1,9507,543,Полировка,2025-03-16
545,10,Внедорожник,B,1,1,8802,546,Колеса,2025-07-27
546,34,Внедорожник,B,1,1,9322,547,Колеса,2025-06-28
547,23,Седан,A,1,1,8517,548,Чехлы,2025-05-09
549,19,Седан,B,1,1,9897,550,Сервис,2025-03-25
558,4,Хэтчбек,B,1,1,8970,559,Полировка,2025-07-04
559,29,Седан,B,1,1,8893,560,Сервис,2025-06-22
560,27,Внедорожник,A,1,1,8610,561,Чехлы,2025-03-22
561,17,Внедорожник,A,1,1,9345,562,Чехлы,2025-06-30
562,35,Хэтчбек,A,1,1,8503,563,Сервис,2025-04-26
564,20,Внедорожник,B,1,1,9102,565,Чехлы,2025-07-25
567,36,Седан,A,1,1,9131,568,Полировка,2025-07-24
571,13,Хэтчбек,B,1,1,8653,572,Полировка,2025-03-03
574,23,Хэтчбек,A,1,1,9139,575,Чехлы,2025-07-04
575,34,Седан,B,1,1,8573,576,Полировка,2025-03-19
576,35,Хэтчбек,B,1,1,8031,577,Чехлы,2025-05-02
578,26,Внедорожник,A,1,1,9416,579,Полировка,2025-06-16
581,12,Хэтчбек,B,1,1,9661,582,Колеса,2025-07-08
585,38,Седан,B,1,1,8276,586,Чехлы,2025-06-28
586,46,Седан,A,1,1,9835,587,Сервис,2025-06-17
587,16,Седан,A,1,1,8553,588,Колеса,2025-06-21
588,47,Хэтчбек,A,1,1,8653,589,Колеса,2025-03-03
590,0,Хэтчбек,B,1,1,9285,591,Полировка,2025-05-07
591,10,Хэтчбек,A,1,1,9338,592,Полировка,2025-08-05
595,30,Хэтчбек,A,1,1,8769,596,Чехлы,2025-04-06
598,30,Внедорожник,B,1,1,9731,599,Сервис,2025-03-25
599,15,Седан,B,1,1,8473,600,Чехлы,2025-06-07
604,7,Внедорожник,A,1,1,9049,605,Полировка,2025-07-20
605,28,Хэтчбек,A,1,1,8939,606,Сервис,2025-06-20
606,1,Хэтчбек,A,1,1,9475,607,Полировка,2025-06-03
607,41,Хэтчбек,B,1,1,9126,608,Колеса,2025-06-26
611,37,Хэтчбек,B,1,1,9007,612,Сервис,2025-06-08
613,36,Внедорожник,A,1,1,9237,614,Сервис,2025-08-03
619,12,Седан,A,1,1,9403,620,Колеса,2025-06-29
620,32,Внедорожник,B,1,1,9726,621,Чехлы,2025-03-29
621,41,Внедорожник,B,1,1,8779,622,Полировка,2025-07-14
626,48,Хэтчбек,A,1,1,9222,627,Чехлы,2025-07-26
633,34,Хэтчбек,B,1,1,8101,634,Полировка,2025-06-09
639,19,Хэтчбек,A,1,1,8981,640,Колеса,2025-03-07
640,24,Седан,B,1,1,9733,641,Колеса,2025-04-22
642,20,Внедорожник,B,1,1,9377,643,Сервис,2025-06-25
643,6,Внедорожник,B,1,1,9806,644,Полировка,2025-06-20
644,28,Внедорожник,A,1,1,8673,645,Сервис,2025-03-30
647,28,Седан,A,1,1,9240,648,Колеса,2025-05-06
650,37,Хэтчбек,A,1,1,9293,651,Чехлы,2025-07-11
653,9,Хэтчбек,A,1,1,8951,654,Чехлы,2025-05-08
654,36,Внедорожник,B,1,1,8908,655,Сервис,2025-07-29
655,13,Хэтчбек,B,1,1,8359,656,Сервис,2025-04-28
657,31,Хэтчбек,A,1,1,9375,658,Колеса,2025-04-02
661,8,Седан,B,1,1,9113,662,Полировка,2025-03-31
662,25,Седан,A,1,1,9940,663,Сервис,2025-06-07
664,45,Седан,B,1,1,9935,665,Сервис,2025-03-30
665,37,Хэтчбек,A,1,1,8484,666,Чехлы,2025-04-19
668,25,Внедорожник,A,1,1,9155,669,Чехлы,2025-05-04
670,37,Хэтчбек,B,1,1,9485,671,Чехлы,2025-06-11
675,26,Внедорожник,B,1,1,8963,676,Колеса,2025-05-16
676,10,Внедорожник,B,1,1,9248,677,Полировка,2025-06-16
678,8,Хэтчбек,A,1,1,9514,679,Сервис,2025-04-06
680,45,Хэтчбек,B,1,1,8965,681,Колеса,2025-06-28
682,47,Хэтчбек,B,1,1,8688,683,Полировка,2025-05-04
685,10,Седан,A,1,1,9400,686,Полировка,2025-03-31
686,27,Внедорожник,B,1,1,8815,687,Чехлы,2025-07-17
690,18,Седан,B,1,1,9273,691,Полировка,2025-07-11
691,5,Внедорожник,B,1,1,8831,692,Чехлы,2025-05-03
692,4,Внедорожник,B,1,1,8709,693,Полировка,2025-06-25
698,5,Внедорожник,A,1,1,9636,699,Чехлы,2025-06-16
699,40,Седан,B,1,1,9488,700,Сервис,2025-03-20
700,36,Хэтчбек,B,1,1,8666,701,Чехлы,2025-07-30
704,18,Хэтчбек,B,1,1,9357,705,Колеса,2025-04-10
708,7,Седан,A,1,1,10347,709,Колеса,2025-05-24
710,46,Хэтчбек,A,1,1,8720,711,Колеса,2025-04-09
711,48,Седан,B,1,1,8815,712,Сервис,2025-06-18
714,29,Хэтчбек,B,1,1,9208,715,Чехлы,2025-06-19
716,46,Хэтчбек,A,1,1,9788,717,Колеса,2025-05-15
721,46,Хэтчбек,A,1,1,8414,722,Полировка,2025-04-19
722,43,Хэтчбек,B,1,1,9393,723,Полировка,2025-06-23
723,41,Внедорожник,B,1,1,8570,724,Чехлы,2025-05-27
724,46,Внедорожник,A,1,1,9246,725,Сервис,2025-05-25
728,18,Седан,A,1,1,8705,729,Сервис,2025-05-04
730,7,Седан,B,1,1,8740,731,Колеса,2025-07-05
732,48,Хэтчбек,B,1,1,8505,733,Колеса,2025-04-18
735,45,Внедорожник,A,1,1,9327,736,Колеса,2025-08-05
740,7,Внедорожник,A,1,1,8563,741,Сервис,2025-06-10
741,26,Внедорожник,A,1,1,9476,742,Колеса,2025-04-21
742,49,Хэтчбек,B,1,1,8834,743,Колеса,2025-03-15
743,46,Седан,B,1,1,8907,744,Колеса,2025-06-23
745,3,Внедорожник,B,1,1,9547,746,Колеса,2025-03-25
747,20,Внедорожник,A,1,1,8471,748,Сервис,2025-06-08
748,42,Седан,A,1,1,9095,749,Полировка,2025-03-09
752,42,Седан,B,1,1,8842,753,Чехлы,2025-07-21
754,26,Седан,B,1,1,9562,755,Чехлы,2025-05-27
755,23,Седан,B,1,1,8494,756,Чехлы,2025-07-21
756,48,Хэтчбек,B,1,1,9012,757,Полировка,2025-07-04
757,2,Седан,B,1,1,8920,758,Сервис,2025-06-18
758,38,Хэтчбек,A,1,1,9191,759,Колеса,2025-04-17
759,9,Седан,B,1,1,8819,760,Чехлы,2025-05-22
760,2,Хэтчбек,A,1,1,9722,761,Полировка,2025-08-07
761,44,Внедорожник,B,1,1,9680,762,Колеса,2025-08-07
765,26,Внедорожник,B,1,1,9201,766,Сервис,2025-07-10
766,4,Седан,A,1,1,8719,767,Колеса,2025-07-07
767,41,Хэтчбек,B,1,1,9167,768,Полировка,2025-05-01
768,10,Седан,B,1,1,9277,769,Колеса,2025-03-31
771,33,Хэтчбек,B,1,1,9013,772,Чехлы,2025-06-16
773,39,Внедорожник,B,1,1,9331,774,Чехлы,2025-03-21
776,26,Хэтчбек,B,1,1,9305,777,Сервис,2025-06-03
777,35,Седан,A,1,1,9401,778,Сервис,2025-04-18
779,24,Хэтчбек,B,1,1,9110,780,Полировка,2025-06-11
781,20,Седан,A,1,1,9478,782,Чехлы,2025-07-18
785,18,Хэтчбек,B,1,1,8622,786,Колеса,2025-08-03
787,24,Хэтчбек,B,1,1,8958,788,Чехлы,2025-03-27
788,39,Седан,B,1,1,9286,789,Сервис,2025-07-06
789,42,Внедорожник,A,1,1,9175,790,Чехлы,2025-06-19
791,24,Седан,B,1,1,9181,792,Сервис,2025-05-26
797,0,Хэтчбек,A,1,1,9617,798,Чехлы,2025-03-30
798,10,Хэтчбек,A,1,1,8577,799,Колеса,2025-03-30
803,6,Хэтчбек,B,1,1,9263,804,Сервис,2025-04-15
812,41,Хэтчбек,A,1,1,8743,813,Сервис,2025-05-15
813,2,Внедорожник,B,1,1,8660,814,Полировка,2025-03-29
815,12,Хэтчбек,A,1,1,7705,816,Колеса,2025-07-15
817,33,Хэтчбек,A,1,1,8793,818,Чехлы,2025-05-29
821,38,Хэтчбек,B,1,1,9054,822,Полировка,2025-03-05
822,1,Внедорожник,A,1,1,9393,823,Чехлы,2025-06-24
825,6,Хэтчбек,A,1,1,9293,826,Колеса,2025-04-24
826,38,Хэтчбек,A,1,1,8799,827,Чехлы,2025-06-11
827,38,Хэтчбек,A,1,1,9965,828,Полировка,2025-04-18
830,2,Хэтчбек,B,1,1,8249,831,Чехлы,2025-05-25
836,43,Хэтчбек,B,1,1,9246,837,Сервис,2025-05-03
838,43,Седан,B,1,1,9035,839,Полировка,2025-08-06
840,12,Внедорожник,B,1,1,8814,841,Чехлы,2025-05-24
841,47,Внедорожник,B,1,1,9605,842,Чехлы,2025-07-11
844,18,Седан,B,1,1,8688,845,Колеса,2025-05-06
847,30,Внедорожник,B,1,1,9063,848,Полировка,2025-06-01
855,40,Хэтчбек,B,1,1,9012,856,Чехлы,2025-08-07
860,37,Внедорожник,A,1,1,9215,861,Полировка,2025-07-07
862,49,Хэтчбек,B,1,1,9348,863,Сервис,2025-04-12
864,32,Хэтчбек,B,1,1,9276,865,Чехлы,2025-05-03
865,48,Внедорожник,A,1,1,8433,866,Полировка,2025-04-29
866,16,Внедорожник,A,1,1,8844,867,Полировка,2025-03-14
873,26,Хэтчбек,A,1,1,9556,874,Колеса,2025-03-29
876,19,Хэтчбек,B,1,1,8903,877,Чехлы,2025-04-16
877,5,Хэтчбек,B,1,1,8243,878,Сервис,2025-07-25
881,5,Седан,A,1,1,8531,882,Чехлы,2025-04-25
882,28,Седан,B,1,1,9328,883,Сервис,2025-07-30
883,12,Седан,B,1,1,9392,884,Колеса,2025-04-28
886,19,Внедорожник,B,1,1,8776,887,Сервис,2025-07-20
887,12,Внедорожник,A,1,1,9220,888,Полировка,2025-08-02
889,7,Внедорожник,B,1,1,9217,890,Сервис,2025-07-03
893,23,Внедорожник,B,1,1,9120,894,Колеса,2025-04-19
894,15,Хэтчбек,A,1,1,9064,895,Колеса,2025-04-23
895,10,Внедорожник,B,1,1,9454,896,Колеса,2025-05-23
896,3,Внедорожник,A,1,1,8878,897,Колеса,2025-06-22
899,48,Внедорожник,B,1,1,9480,900,Полировка,2025-03-15
900,9,Хэтчбек,B,1,1,9290,901,Сервис,2025-07-25
902,37,Внедорожник,A,1,1,8635,903,Полировка,2025-07-29
905,9,Внедорожник,B,1,1,8565,906,Полировка,2025-04-10
907,15,Внедорожник,B,1,1,8730,908,Колеса,2025-06-09
908,38,Хэтчбек,B,1,1,9956,909,Сервис,2025-06-29
911,4,Седан,B,1,1,9192,912,Сервис,2025-05-27
913,36,Внедорожник,A,1,1,7390,914,Сервис,2025-05-06
918,7,Внедорожник,A,1,1,9093,919,Сервис,2025-03-18
921,30,Седан,B,1,1,9337,922,Колеса,2025-07-08
922,16,Хэтчбек,B,1,1,8842,923,Колеса,2025-04-24
924,47,Внедорожник,B,1,1,9803,925,Полировка,2025-05-30
930,30,Внедорожник,A,1,1,8512,931,Полировка,2025-06-22
935,7,Внедорожник,A,1,1,9296,936,Полировка,2025-04-30
938,37,Внедорожник,B,1,1,9325,939,Колеса,2025-07-25
939,4,Хэтчбек,B,1,1,8702,940,Полировка,2025-03-03
940,13,Хэтчбек,B,1,1,9038,941,Чехлы,2025-06-17
943,43,Хэтчбек,A,1,1,9345,944,Чехлы,2025-08-02
946,17,Хэтчбек,B,1,1,7725,947,Сервис,2025-05-13
948,36,Хэтчбек,B,1,1,8420,949,Чехлы,2025-03-04
952,16,Хэтчбек,A,1,1,9202,953,Сервис,2025-07-25
953,38,Седан,A,1,1,9661,954,Чехлы,2025-03-26
954,40,Седан,B,1,1,9306,955,Полировка,2025-07-06
955,22,Хэтчбек,B,1,1,8592,956,Колеса,2025-07-21
957,19,Хэтчбек,B,1,1,8334,958,Колеса,2025-04-25
961,10,Седан,B,1,1,9197,962,Полировка,2025-07-27
963,22,Седан,A,1,1,8933,964,Чехлы,2025-06-16
965,29,Седан,A,1,1,8704,966,Чехлы,2025-06-28
969,40,Хэтчбек,B,1,1,8838,970,Колеса,2025-05-24
970,42,Внедорожник,B,1,1,8609,971,Колеса,2025-05-09
980,39,Седан,B,1,1,9096,981,Колеса,2025-06-11
982,1,Внедорожник,A,1,1,8408,983,Полировка,2025-06-14
991,25,Хэтчбек,A,1,1,9445,992,Колеса,2025-07-26
992,6,Седан,B,1,1,10174,993,Колеса,2025-07-07
995,37,Седан,B,1,1,9324,996,Чехлы,2025-06-26
1005,22,Хэтчбек,A,1,1,8917,1006,Чехлы,2025-05-28
1007,11,Хэтчбек,A,1,1,9312,1008,Колеса,2025-04-07
1008,11,Внедорожник,B,1,1,9682,1009,Полировка,2025-04-06
1009,33,Седан,A,1,1,9153,1010,Сервис,2025-03-07
1013,7,Седан,A,1,1,8516,1014,Чехлы,2025-06-05
1014,47,Хэтчбек,B,1,1,9328,1015,Колеса,2025-04-14
1015,32,Внедорожник,B,1,1,8635,1016,Сервис,2025-04-25
1016,36,Седан,B,1,1,9560,1017,Чехлы,2025-06-08
1018,23,Седан,A,1,1,8838,1019,Полировка,2025-06-30
1020,2,Седан,B,1,1,9390,1021,Колеса,2025-03-18
1024,38,Хэтчбек,B,1,1,8975,1025,Полировка,2025-03-30
1026,36,Седан,B,1,1,8739,1027,Чехлы,2025-05-11
1029,5,Хэтчбек,A,1,1,9152,1030,Колеса,2025-05-29
1033,24,Седан,B,1,1,8695,1034,Чехлы,2025-07-02
1034,49,Внедорожник,B,1,1,9206,1035,Полировка,2025-03-16
1039,49,Внедорожник,A,1,1,9106,1040,Чехлы,2025-06-30
1041,30,Внедорожник,B,1,1,8839,1042,Чехлы,2025-04-29
1042,2,Хэтчбек,A,1,1,8436,1043,Сервис,2025-03-23
1043,19,Хэтчбек,A,1,1,8472,1044,Колеса,2025-08-04
1044,3,Хэтчбек,B,1,1,8327,1045,Колеса,2025-06-06
1045,13,Хэтчбек,B,1,1,8914,1046,Чехлы,2025-07-24
1046,11,Внедорожник,B,1,1,9150,1047,Чехлы,2025-05-24
1047,13,Хэтчбек,A,1,1,9198,1048,Полировка,2025-06-16
1049,17,Хэтчбек,B,1,1,8600,1050,Колеса,2025-03-19
1052,47,Хэтчбек,B,1,1,8367,1053,Колеса,2025-03-16
1053,34,Внедорожник,B,1,1,9405,1054,Сервис,2025-04-19
1059,25,Седан,A,1,1,9219,1060,Колеса,2025-07-20
1060,21,Хэтчбек,B,1,1,9798,1061,Полировка,2025-04-15
1065,11,Седан,B,1,1,8638,1066,Сервис,2025-07-27
1066,34,Седан,B,1,1,9423,1067,Колеса,2025-07-26
1067,33,Внедорожник,B,1,1,9114,1068,Колеса,2025-06-11
1069,19,Внедорожник,B,1,1,8615,1070,Колеса,2025-03-08
1070,48,Внедорожник,A,1,1,9473,1071,Полировка,2025-05-30
1072,33,Хэтчбек,B,1,1,9240,1073,Полировка,2025-06-12
1074,33,Седан,A,1,1,9673,1075,Сервис,2025-03-06
1075,31,Внедорожник,A,1,1,8196,1076,Колеса,2025-07-11
1079,24,Седан,A,1,1,8814,1080,Чехлы,2025-03-04
1080,45,Седан,A,1,1,9689,1081,Сервис,2025-03-22
1082,16,Хэтчбек,A,1,1,9273,1083,Полировка,2025-04-01
1083,23,Внедорожник,B,1,1,8472,1084,Чехлы,2025-04-13
1085,3,Внедорожник,B,1,1,8897,1086,Сервис,2025-06-11
1086,26,Седан,A,1,1,9118,1087,Чехлы,2025-04-22
1092,15,Хэтчбек,B,1,1,9237,1093,Колеса,2025-06-05
1095,39,Седан,A,1,1,9264,1096,Полировка,2025-05-06
1097,38,Хэтчбек,A,1,1,8842,1098,Полировка,2025-06-06
1098,29,Седан,A,1,1,8556,1099,Сервис,2025-05-04
1100,11,Седан,B,1,1,8598,1101,Полировка,2025-07-07
1104,4,Седан,B,1,1,9187,1105,Сервис,2025-05-27
1105,22,Хэтчбек,A,1,1,9148,1106,Полировка,2025-05-26
1107,38,Хэтчбек,A,1,1,7847,1108,Полировка,2025-05-09
1114,37,Хэтчбек,B,1,1,9553,1115,Колеса,2025-03-03
1115,7,Седан,A,1,1,8339,1116,Сервис,2025-06-05
1118,11,Внедорожник,B,1,1,9358,1119,Полировка,2025-04-19
1119,9,Седан,B,1,1,8577,1120,Сервис,2025-03-25
1123,1,Внедорожник,B,1,1,9334,1124,Чехлы,2025-05-15
1124,18,Внедорожник,A,1,1,9291,1125,Колеса,2025-06-13
1127,21,Внедорожник,B,1,1,9116,1128,Чехлы,2025-07-02
1129,9,Хэтчбек,B,1,1,8521,1130,Полировка,2025-07-16
1135,15,Внедорожник,B,1,1,8821,1136,Полировка,2025-06-09
1136,3,Седан,A,1,1,9498,1137,Чехлы,2025-06-11
1138,24,Седан,A,1,1,8558,1139,Чехлы,2025-06-18
1145,12,Хэтчбек,A,1,1,8939,1146,Сервис,2025-07-25
1147,25,Седан,B,1,1,8595,1148,Сервис,2025-06-26
1148,39,Хэтчбек,A,1,1,9010,1149,Полировка,2025-03-08
1152,34,Седан,B,1,1,8818,1153,Чехлы,2025-04-18
1155,1,Седан,A,1,1,9119,1156,Колеса,2025-06-20
1157,33,Седан,B,1,1,8819,1158,Колеса,2025-05-12
1159,44,Хэтчбек,B,1,1,8944,1160,Чехлы,2025-05-31
1162,8,Внедорожник,B,1,1,8670,1163,Сервис,2025-07-31
1167,23,Внедорожник,A,1,1,8242,1168,Полировка,2025-05-18
1169,31,Хэтчбек,B,1,1,9330,1170,Чехлы,2025-04-27
1170,22,Хэтчбек,B,1,1,8817,1171,Колеса,2025-08-02
1171,0,Седан,B,1,1,7911,1172,Чехлы,2025-07-06
1174,15,Внедорожник,A,1,1,8648,1175,Полировка,2025-03-07
1178,45,Внедорожник,B,1,1,8324,1179,Полировка,2025-03-19
1181,16,Внедорожник,B,1,1,8189,1182,Сервис,2025-05-13
1183,21,Седан,B,1,1,8393,1184,Полировка,2025-04-08
1184,30,Хэтчбек,A,1,1,8955,1185,Чехлы,2025-07-07
1186,16,Седан,B,1,1,8919,1187,Чехлы,2025-08-03
1188,1,Хэтчбек,B,1,1,9439,1189,Полировка,2025-06-06
1189,32,Внедорожник,B,1,1,9578,1190,Чехлы,2025-06-01
1192,18,Седан,A,1,1,9196,1193,Полировка,2025-07-09
1193,22,Седан,B,1,1,8442,1194,Чехлы,2025-04-20
1195,15,Хэтчбек,B,1,1,9926,1196,Сервис,2025-06-24
1197,7,Внедорожник,A,1,1,9190,1198,Колеса,2025-04-10
1198,27,Внедорожник,A,1,1,9269,1199,Колеса,2025-07-19
1199,24,Седан,B,1,1,8632,1200,Сервис,2025-03-05
1200,24,Хэтчбек,B,1,1,8529,1201,Колеса,2025-03-20
1204,14,Хэтчбек,B,1,1,8471,1205,Сервис,2025-03-07
1208,44,Седан,B,1,1,8794,1209,Чехлы,2025-05-01
1213,23,Внедорожник,B,1,1,7941,1214,Полировка,2025-04-24
1214,11,Хэтчбек,A,1,1,9314,1215,Колеса,2025-03-06
1216,29,Хэтчбек,A,1,1,8431,1217,Полировка,2025-03-06
1217,31,Седан,B,1,1,9044,1218,Чехлы,2025-03-10
1219,18,Седан,B,1,1,9626,1220,Полировка,2025-07-07
1220,4,Седан,B,1,1,8798,1221,Сервис,2025-04-18
1221,28,Хэтчбек,B,1,1,8512,1222,Сервис,2025-06-11
1223,49,Седан,A,1,1,8953,1224,Чехлы,2025-04-06
1226,16,Седан,B,1,1,9426,1227,Сервис,2025-04-20
1227,41,Седан,B,1,1,8850,1228,Полировка,2025-06-30
1230,2,Седан,B,1,1,9094,1231,Сервис,2025-04-22
1233,20,Хэтчбек,A,1,1,8626,1234,Колеса,2025-04-23
1236,6,Хэтчбек,A,1,1,9309,1237,Колеса,2025-03-23
1238,22,Хэтчбек,A,1,1,8265,1239,Полировка,2025-07-22
1239,15,Хэтчбек,A,1,1,8754,1240,Колеса,2025-04-19
1241,34,Седан,B,1,1,8562,1242,Колеса,2025-08-05
1244,21,Хэтчбек,B,1,1,9055,1245,Полировка,2025-03-11
1248,44,Внедорожник,B,1,1,9633,1249,Полировка,2025-05-31
1250,41,Внедорожник,B,1,1,8930,1251,Сервис,2025-07-10
1251,39,Внедорожник,A,1,1,8756,1252,Чехлы,2025-04-03
1252,27,Внедорожник,B,1,1,9224,1253,Чехлы,2025-07-23
1254,10,Внедорожник,B,1,1,8500,1255,Полировка,2025-04-04
1255,4,Седан,A,1,1,9788,1256,Полировка,2025-06-01
1257,3,Седан,B,1,1,8012,1258,Полировка,2025-08-02
1268,9,Внедорожник,A,1,1,8929,1269,Сервис,2025-03-20
1269,23,Внедорожник,B,1,1,9069,1270,Полировка,2025-07-04
1272,17,Хэтчбек,A,1,1,8566,1273,Колеса,2025-04-17
1275,30,Хэтчбек,B,1,1,8277,1276,Полировка,2025-03-04
1278,48,Внедорожник,A,1,1,9218,1279,Полировка,2025-07-11
1282,3,Седан,B,1,1,8483,1283,Чехлы,2025-08-04
1283,39,Хэтчбек,B,1,1,9615,1284,Чехлы,2025-04-09
1284,9,Внедорожник,B,1,1,9700,1285,Чехлы,2025-07-31
1289,34,Внедорожник,B,1,1,9040,1290,Полировка,2025-06-28
1290,4,Хэтчбек,B,1,1,8435,1291,Полировка,2025-04-14
1291,26,Седан,B,1,1,9677,1292,Чехлы,2025-07-22
1292,36,Внедорожник,A,1,1,8208,1293,Колеса,2025-05-10
1294,32,Внедорожник,B,1,1,9382,1295,Сервис,2025-05-28
1298,14,Хэтчбек,B,1,1,9316,1299,Сервис,2025-04-08
1301,8,Внедорожник,A,1,1,9276,1302,Сервис,2025-05-17
1303,28,Внедорожник,B,1,1,8114,1304,Полировка,2025-07-20
1304,31,Внедорожник,A,1,1,8877,1305,Колеса,2025-04-15
1305,34,Седан,B,1,1,8681,1306,Сервис,2025-04-23
1312,7,Внедорожник,A,1,1,8150,1313,Сервис,2025-06-13
1318,29,Хэтчбек,A,1,1,8451,1319,Полировка,2025-06-15
1321,20,Седан,B,1,1,8937,1322,Полировка,2025-06-15
1323,28,Внедорожник,A,1,1,8757,1324,Колеса,2025-07-04
1324,13,Хэтчбек,A,1,1,8877,1325,Сервис,2025-06-05
1327,39,Седан,B,1,1,8921,1328,Полировка,2025-03-17
1328,4,Седан,B,1,1,8663,1329,Колеса,2025-05-05
1329,46,Седан,A,1,1,8649,1330,Сервис,2025-06-17
1331,37,Внедорожник,B,1,1,8446,1332,Полировка,2025-07-26
1332,48,Хэтчбек,A,1,1,7722,1333,Чехлы,2025-06-21
1334,41,Внедорожник,A,1,1,8957,1335,Сервис,2025-06-27
1336,16,Внедорожник,A,1,1,9626,1337,Сервис,2025-04-22
1338,37,Внедорожник,B,1,1,8924,1339,Колеса,2025-04-08
1339,30,Внедорожник,A,1,1,8968,1340,Чехлы,2025-05-19
1341,35,Внедорожник,B,1,1,8593,1342,Сервис,2025-03-11
1342,48,Хэтчбек,B,1,1,8731,1343,Колеса,2025-03-16
1343,0,Седан,B,1,1,9794,1344,Полировка,2025-03-20
1344,49,Внедорожник,B,1,1,9075,1345,Полировка,2025-05-19
1346,33,Седан,B,1,1,8607,1347,Колеса,2025-04-30
1347,48,Внедорожник,B,1,1,8869,1348,Полировка,2025-03-21
1349,12,Седан,A,1,1,8419,1350,Полировка,2025-04-01
1350,6,Хэтчбек,A,1,1,9354,1351,Чехлы,2025-04-10
1352,35,Внедорожник,A,1,1,9007,1353,Сервис,2025-07-23
1356,19,Внедорожник,A,1,1,8312,1357,Полировка,2025-06-12
1357,38,Хэтчбек,B,1,1,9044,1358,Колеса,2025-04-24
1363,3,Хэтчбек,B,1,1,8670,1364,Сервис,2025-07-18
1364,29,Хэтчбек,A,1,1,8152,1365,Сервис,2025-05-05
1366,3,Хэтчбек,B,1,1,8818,1367,Сервис,2025-03-10
1368,27,Седан,A,1,1,8907,1369,Полировка,2025-08-06
1370,21,Седан,B,1,1,9038,1371,Чехлы,2025-05-11
1373,10,Седан,A,1,1,7907,1374,Сервис,2025-06-17
1374,29,Хэтчбек,A,1,1,8357,1375,Чехлы,2025-04-25
1375,49,Седан,B,1,1,9377,1376,Сервис,2025-03-04
1376,29,Внедорожник,B,1,1,9735,1377,Сервис,2025-03-24
1378,16,Хэтчбек,A,1,1,8902,1379,Чехлы,2025-03-07
1382,13,Внедорожник,B,1,1,8409,1383,Сервис,2025-05-27
1386,19,Внедорожник,B,1,1,9868,1387,Колеса,2025-06-03
1387,12,Седан,A,1,1,10456,1388,Колеса,2025-06-07
1393,26,Хэтчбек,B,1,1,8564,1394,Колеса,2025-04-07
1395,49,Внедорожник,A,1,1,9486,1396,Полировка,2025-03-17
1396,0,Седан,B,1,1,8837,1397,Чехлы,2025-07-24
1399,10,Хэтчбек,B,1,1,8516,1400,Сервис,2025-05-26
1400,42,Внедорожник,B,1,1,7716,1401,Полировка,2025-03-30
1403,2,Седан,B,1,1,8886,1404,Колеса,2025-04-26
1407,19,Седан,A,1,1,8834,1408,Чехлы,2025-08-03
1409,17,Хэтчбек,A,1,1,9002,1410,Чехлы,2025-05-22
1411,7,Хэтчбек,A,1,1,9207,1412,Чехлы,2025-03-03
1412,6,Внедорожник,B,1,1,8300,1413,Сервис,2025-06-10
1415,18,Хэтчбек,A,1,1,9758,1416,Полировка,2025-07-15
1416,29,Хэтчбек,B,1,1,9960,1417,Колеса,2025-07-08
1417,42,Внедорожник,A,1,1,9393,1418,Колеса,2025-08-02
1419,2,Внедорожник,A,1,1,9448,1420,Колеса,2025-04-04
1420,29,Внедорожник,B,1,1,8652,1421,Полировка,2025-03-03
1422,35,Седан,B,1,1,8697,1423,Чехлы,2025-04-12
1423,19,Внедорожник,A,1,1,9252,1424,Полировка,2025-04-10
1425,23,Внедорожник,A,1,1,8875,1426,Сервис,2025-03-06
1426,12,Хэтчбек,A,1,1,8482,1427,Сервис,2025-05-02
1427,35,Хэтчбек,B,1,1,8610,1428,Сервис,2025-07-21
1429,2,Хэтчбек,B,1,1,8809,1430,Сервис,2025-05-18
1430,20,Внедорожник,A,1,1,9373,1431,Колеса,2025-04-06
1431,3,Внедорожник,B,1,1,8562,1432,Полировка,2025-05-20
1434,38,Седан,A,1,1,8940,1435,Колеса,2025-06-11
1435,42,Хэтчбек,A,1,1,8687,1436,Колеса,2025-03-08
1437,37,Хэтчбек,A,1,1,9514,1438,Полировка,2025-05-06
1439,40,Внедорожник,B,1,1,8780,1440,Колеса,2025-06-20
1445,35,Седан,B,1,1,9154,1446,Колеса,2025-03-17
1446,30,Седан,A,1,1,8372,1447,Полировка,2025-08-03
1448,24,Седан,B,1,1,9707,1449,Колеса,2025-06-22
1449,24,Внедорожник,A,1,1,10337,1450,Чехлы,2025-07-02
1450,47,Хэтчбек,B,1,1,8423,1451,Колеса,2025-03-16
1452,10,Седан,A,1,1,9278,1453,Колеса,2025-07-31
1455,39,Хэтчбек,B,1,1,9446,1456,Чехлы,2025-06-10
1459,7,Седан,A,1,1,9102,1460,Полировка,2025-05-20
1461,32,Седан,B,1,1,9963,1462,Полировка,2025-03-17
1463,39,Внедорожник,B,1,1,8617,1464,Чехлы,2025-07-04
1464,40,Хэтчбек,B,1,1,9361,1465,Чехлы,2025-07-26
1467,42,Седан,A,1,1,9237,1468,Чехлы,2025-05-23
1469,26,Хэтчбек,B,1,1,7679,1470,Чехлы,2025-03-07
1471,16,Седан,A,1,1,10459,1472,Сервис,2025-07-05
1472,46,Внедорожник,A,1,1,8788,1473,Чехлы,2025-04-24
1473,32,Седан,B,1,1,8943,1474,Сервис,2025-07-25
1474,30,Седан,B,1,1,8816,1475,Сервис,2025-05-03
1477,15,Внедорожник,B,1,1,9669,1478,Колеса,2025-04-06
1479,19,Внедорожник,A,1,1,9830,1480,Сервис,2025-06-09
1487,13,Хэтчбек,A,1,1,9675,1488,Чехлы,2025-03-06
1488,48,Внедорожник,A,1,1,10427,1489,Сервис,2025-07-05
1490,30,Седан,B,1,1,9223,1491,Сервис,2025-05-19
1491,5,Хэтчбек,B,1,1,8357,1492,Чехлы,2025-03-11
1493,33,Хэтчбек,B,1,1,8512,1494,Полировка,2025-05-01
1496,28,Седан,B,1,1,9087,1497,Сервис,2025-03-30
1500,8,Внедорожник,A,1,1,9414,1501,Чехлы,2025-06-02
1502,35,Седан,A,1,1,8993,1503,Колеса,2025-05-15
1505,25,Хэтчбек,B,1,1,9177,1506,Колеса,2025-04-07
1508,35,Седан,B,1,1,9046,1509,Полировка,2025-08-02
1511,1,Седан,B,1,1,8947,1512,Сервис,2025-03-25
1516,44,Хэтчбек,B,1,1,9089,1517,Чехлы,2025-03-28
1517,27,Седан,B,1,1,8468,1518,Полировка,2025-03-16
1518,32,Седан,B,1,1,8408,1519,Сервис,2025-07-07
1519,43,Внедорожник,A,1,1,8488,1520,Колеса,2025-05-19
1521,34,Седан,A,1,1,8512,1522,Полировка,2025-05-28
1522,45,Седан,A,1,1,8192,1523,Колеса,2025-07-31
1525,48,Седан,B,1,1,8970,1526,Полировка,2025-04-07
1527,43,Хэтчбек,B,1,1,9288,1528,Полировка,2025-03-15
1530,19,Седан,A,1,1,9390,1531,Колеса,2025-07-25
1535,34,Внедорожник,B,1,1,9175,1536,Чехлы,2025-07-19
1542,44,Седан,A,1,1,8814,1543,Колеса,2025-03-20
1543,11,Внедорожник,A,1,1,8792,1544,Колеса,2025-05-29
1545,31,Хэтчбек,A,1,1,9233,1546,Сервис,2025-03-26
1549,14,Внедорожник,B,1,1,8978,1550,Полировка,2025-04-30
1550,21,Седан,B,1,1,8792,1551,Сервис,2025-08-01
1552,47,Хэтчбек,A,1,1,8801,1553,Полировка,2025-03-13
1555,42,Хэтчбек,B,1,1,8426,1556,Полировка,2025-03-23
1563,29,Хэтчбек,B,1,1,9252,1564,Полировка,2025-03-12
1567,49,Хэтчбек,B,1,1,9620,1568,Колеса,2025-03-08
1568,16,Седан,B,1,1,8208,1569,Чехлы,2025-06-05
1574,45,Хэтчбек,A,1,1,8888,1575,Чехлы,2025-06-02
1577,33,Хэтчбек,A,1,1,8998,1578,Сервис,2025-07-27
1582,42,Внедорожник,A,1,1,8300,1583,Сервис,2025-05-13
1593,10,Хэтчбек,B,1,1,9209,1594,Чехлы,2025-06-17
1599,10,Хэтчбек,B,1,1,8737,1600,Чехлы,2025-05-20
1605,40,Внедорожник,B,1,1,9402,1606,Сервис,2025-07-09
1611,23,Хэтчбек,A,1,1,8922,1612,Колеса,2025-07-09
1612,14,Седан,B,1,1,9128,1613,Сервис,2025-07-19
1614,29,Седан,A,1,1,8340,1615,Чехлы,2025-03-19
1615,25,Хэтчбек,A,1,1,8008,1616,Полировка,2025-05-25
1616,4,Внедорожник,B,1,1,9796,1617,Колеса,2025-04-20
1617,0,Седан,B,1,1,9906,1618,Сервис,2025-04-14
1620,5,Хэтчбек,A,1,1,8008,1621,Полировка,2025-03-05
1623,4,Седан,B,1,1,8923,1624,Полировка,2025-04-19
1625,49,Седан,A,1,1,9285,1626,Сервис,2025-07-09
1634,48,Седан,A,1,1,8627,1635,Полировка,2025-03-08
1636,32,Хэтчбек,B,1,1,8986,1637,Полировка,2025-04-22
1641,43,Внедорожник,B,1,1,9211,1642,Чехлы,2025-05-27
1647,2,Хэтчбек,B,1,1,8472,1648,Полировка,2025-07-02
1648,17,Внедорожник,B,1,1,8793,1649,Колеса,2025-05-30
1650,3,Седан,B,1,1,8812,1651,Сервис,2025-07-07
1651,21,Внедорожник,A,1,1,8857,1652,Колеса,2025-06-11
1653,29,Хэтчбек,B,1,1,9084,1654,Сервис,2025-05-05
1655,22,Внедорожник,B,1,1,8957,1656,Полировка,2025-04-16
1656,18,Внедорожник,B,1,1,8565,1657,Сервис,2025-04-13
1657,7,Внедорожник,A,1,1,8501,1658,Сервис,2025-04-09
1659,26,Внедорожник,B,1,1,8546,1660,Колеса,2025-07-18
1663,26,Внедорожник,A,1,1,8831,1664,Чехлы,2025-06-04
1666,14,Внедорожник,A,1,1,8691,1667,Колеса,2025-05-22
1674,3,Внедорожник,B,1,1,8668,1675,Полировка,2025-06-29
1677,49,Внедорожник,A,1,1,9025,1678,Сервис,2025-05-09
1680,18,Внедорожник,B,1,1,8959,1681,Чехлы,2025-03-26
1684,39,Внедорожник,A,1,1,7849,1685,Сервис,2025-07-14
1685,34,Внедорожник,A,1,1,9324,1686,Сервис,2025-04-22
1687,30,Хэтчбек,B,1,1,9423,1688,Сервис,2025-08-05
1688,45,Хэтчбек,B,1,1,9454,1689,Полировка,2025-08-01
1691,24,Хэтчбек,A,1,1,9483,1692,Чехлы,2025-03-11
1692,16,Хэтчбек,B,1,1,8930,1693,Чехлы,2025-06-26
1693,45,Седан,A,1,1,8564,1694,Чехлы,2025-07-31
1694,27,Внедорожник,B,1,1,9242,1695,Полировка,2025-04-09
1697,48,Седан,A,1,1,9209,1698,Сервис,2025-06-08
1699,4,Седан,B,1,1,8870,1700,Чехлы,2025-03-08
1700,48,Седан,B,1,1,9430,1701,Полировка,2025-03-11
1702,40,Седан,B,1,1,9036,1703,Колеса,2025-05-01
1703,14,Седан,B,1,1,9135,1704,Сервис,2025-03-21
1704,49,Хэтчбек,A,1,1,8391,1705,Колеса,2025-06-21
1705,10,Хэтчбек,A,1,1,8393,1706,Колеса,2025-06-04
1707,14,Седан,A,1,1,9035,1708,Колеса,2025-06-20
1708,38,Хэтчбек,A,1,1,8682,1709,Полировка,2025-05-11
1709,13,Седан,B,1,1,9899,1710,Колеса,2025-04-10
1711,22,Хэтчбек,A,1,1,9002,1712,Чехлы,2025-03-03
1716,25,Хэтчбек,B,1,1,8885,1717,Колеса,2025-06-21
1717,11,Хэтчбек,B,1,1,9253,1718,Сервис,2025-07-29
1725,25,Седан,B,1,1,8949,1726,Чехлы,2025-06-22
1728,46,Хэтчбек,A,1,1,9172,1729,Сервис,2025-07-23
1734,13,Хэтчбек,B,1,1,8389,1735,Колеса,2025-06-20
1737,19,Седан,B,1,1,8401,1738,Сервис,2025-03-30
1738,31,Седан,A,1,1,8875,1739,Колеса,2025-07-17
1744,47,Хэтчбек,B,1,1,8418,1745,Колеса,2025-03-22
1745,29,Внедорожник,B,1,1,8726,1746,Чехлы,2025-05-08
1746,28,Седан,B,1,1,9481,1747,Сервис,2025-07-16
1751,0,Хэтчбек,B,1,1,9141,1752,Сервис,2025-04-07
1755,1,Хэтчбек,B,1,1,9440,1756,Полировка,2025-06-20
1756,48,Хэтчбек,A,1,1,8749,1757,Полировка,2025-04-22
1761,39,Седан,B,1,1,9847,1762,Полировка,2025-06-14
1766,32,Внедорожник,B,1,1,9362,1767,Полировка,2025-03-17
1773,38,Внедорожник,A,1,1,8634,1774,Сервис,2025-04-05
1776,15,Внедорожник,A,1,1,7668,1777,Полировка,2025-06-28
1781,9,Хэтчбек,A,1,1,9109,1782,Чехлы,2025-06-28
1782,17,Внедорожник,B,1,1,9560,1783,Колеса,2025-07-25
1783,11,Хэтчбек,B,1,1,8430,1784,Сервис,2025-03-27
1785,3,Внедорожник,B,1,1,8939,1786,Полировка,2025-04-16
1787,20,Хэтчбек,A,1,1,9465,1788,Колеса,2025-07-16
1789,47,Хэтчбек,B,1,1,8798,1790,Колеса,2025-06-12
1792,4,Внедорожник,A,1,1,8282,1793,Сервис,2025-07-24
1794,16,Хэтчбек,A,1,1,8653,1795,Сервис,2025-06-02
1796,5,Внедорожник,A,1,1,9265,1797,Чехлы,2025-05-16
1797,32,Седан,A,1,1,8683,1798,Полировка,2025-05-23
1806,31,Хэтчбек,B,1,1,9265,1807,Полировка,2025-06-06
1807,44,Седан,A,1,1,9117,1808,Чехлы,2025-05-02
1808,11,Внедорожник,A,1,1,8453,1809,Колеса,2025-06-29
1809,34,Седан,B,1,1,8805,1810,Сервис,2025-06-03
1810,27,Хэтчбек,B,1,1,9512,1811,Полировка,2025-03-08
1811,49,Седан,A,1,1,9897,1812,Колеса,2025-07-07
1813,39,Седан,B,1,1,8354,1814,Колеса,2025-07-04
1819,40,Хэтчбек,A,1,1,9040,1820,Полировка,2025-06-23
1821,14,Седан,B,1,1,8875,1822,Колеса,2025-03-09
1824,4,Седан,B,1,1,9237,1825,Полировка,2025-06-12
1825,22,Седан,A,1,1,8558,1826,Чехлы,2025-04-01
1826,2,Хэтчбек,B,1,1,9004,1827,Чехлы,2025-05-29
1829,8,Внедорожник,B,1,1,8146,1830,Колеса,2025-04-17
1832,15,Внедорожник,B,1,1,8306,1833,Чехлы,2025-03-23
1834,41,Хэтчбек,A,1,1,8352,1835,Чехлы,2025-07-06
1837,25,Внедорожник,B,1,1,8042,1838,Полировка,2025-03-09
1840,29,Хэтчбек,B,1,1,8829,1841,Полировка,2025-07-29
1841,9,Седан,B,1,1,9252,1842,Сервис,2025-08-01
1842,11,Хэтчбек,B,1,1,8829,1843,Сервис,2025-06-21
1844,26,Седан,A,1,1,8879,1845,Колеса,2025-07-25
1854,24,Хэтчбек,B,1,1,9674,1855,Полировка,2025-05-26
1855,31,Внедорожник,A,1,1,9502,1856,Чехлы,2025-07-30
1856,43,Седан,B,1,1,9480,1857,Колеса,2025-04-17
1862,42,Внедорожник,B,1,1,8650,1863,Чехлы,2025-03-19
1865,37,Внедорожник,A,1,1,9359,1866,Колеса,2025-05-03
1866,38,Седан,B,1,1,9142,1867,Чехлы,2025-03-05
1867,11,Седан,A,1,1,8749,1868,Полировка,2025-04-07
1870,17,Седан,B,1,1,8074,1871,Полировка,2025-04-21
1880,42,Хэтчбек,A,1,1,9223,1881,Сервис,2025-05-16
1881,31,Внедорожник,B,1,1,8241,1882,Чехлы,2025-06-21
1886,1,Хэтчбек,A,1,1,9206,1887,Полировка,2025-03-24
1890,12,Внедорожник,B,1,1,9121,1891,Чехлы,2025-04-25
1893,24,Хэтчбек,B,1,1,8867,1894,Полировка,2025-06-19
1895,3,Седан,B,1,1,8162,1896,Чехлы,2025-04-14
1897,7,Седан,B,1,1,8687,1898,Колеса,2025-07-22
1899,14,Внедорожник,A,1,1,9392,1900,Сервис,2025-07-22
1900,8,Седан,B,1,1,8625,1901,Колеса,2025-06-26
1901,46,Внедорожник,B,1,1,9602,1902,Полировка,2025-08-01
1903,35,Внедорожник,B,1,1,10013,1904,Полировка,2025-03-20
1906,12,Внедорожник,B,1,1,8970,1907,Колеса,2025-07-26
1909,47,Седан,A,1,1,9036,1910,Сервис,2025-07-17
1910,46,Седан,B,1,1,8861,1911,Чехлы,2025-04-29
1912,30,Внедорожник,B,1,1,9293,1913,Чехлы,2025-03-19
1913,19,Седан,B,1,1,9001,1914,Колеса,2025-03-29
1915,45,Хэтчбек,B,1,1,9052,1916,Полировка,2025-07-02
1917,43,Хэтчбек,A,1,1,8648,1918,Чехлы,2025-06-11
1918,18,Внедорожник,A,1,1,8020,1919,Полировка,2025-07-17
1920,25,Хэтчбек,A,1,1,8978,1921,Чехлы,2025-07-08
1921,37,Седан,B,1,1,9167,1922,Сервис,2025-07-04
1925,11,Внедорожник,A,1,1,8629,1926,Полировка,2025-04-07
1928,40,Седан,A,1,1,9447,1929,Колеса,2025-03-16
1933,31,Внедорожник,B,1,1,9384,1934,Полировка,2025-06-08
1934,10,Хэтчбек,B,1,1,8753,1935,Полировка,2025-05-23
1938,29,Седан,B,1,1,8735,1939,Сервис,2025-05-12
1942,49,Внедорожник,B,1,1,8370,1943,Колеса,2025-06-19
1946,2,Внедорожник,B,1,1,9330,1947,Чехлы,2025-03-20
1948,11,Хэтчбек,A,1,1,9621,1949,Сервис,2025-06-04
1951,27,Хэтчбек,A,1,1,8094,1952,Полировка,2025-05-26
1953,16,Внедорожник,A,1,1,9232,1954,Сервис,2025-05-29
1954,0,Хэтчбек,A,1,1,9465,1955,Колеса,2025-04-13
1960,17,Седан,B,1,1,9961,1961,Чехлы,2025-05-15
1961,16,Внедорожник,A,1,1,8263,1962,Сервис,2025-06-24
1962,7,Внедорожник,B,1,1,9032,1963,Полировка,2025-07-05
1963,24,Внедорожник,A,1,1,8091,1964,Сервис,2025-04-01
1970,25,Хэтчбек,A,1,1,8539,1971,Чехлы,2025-07-04
1971,38,Хэтчбек,A,1,1,9315,1972,Чехлы,2025-05-31
1979,7,Внедорожник,B,1,1,9428,1980,Полировка,2025-03-08
1981,42,Хэтчбек,B,1,1,8988,1982,Сервис,2025-07-06
1983,9,Седан,A,1,1,10000,1984,Сервис,2025-04-12
1987,25,Внедорожник,A,1,1,9043,1988,Полировка,2025-04-07
1988,5,Седан,B,1,1,9124,1989,Чехлы,2025-04-17
1990,45,Седан,B,1,1,8902,1991,Сервис,2025-03-21
1991,47,Седан,B,1,1,9185,1992,Сервис,2025-06-08
1995,43,Седан,B,1,1,8179,1996,Полировка,2025-06-14
